Column1;Column2;Column3;Column4;Column5;Column6;Column7;Column8;Column9;Column10;Column11;Column12;Column13;Column14;Column15;Column16;Column17;Column18;Column19;Column20;Column21;Column22;Column23;Column24;Column25;Column26;Column27;Column28;Column29;Column30;Column31;Column32;Column33;Column34
;;;;;;;Playing Time;Playing Time;Playing Time;Playing Time;Performance;Performance;Performance;Performance;Performance;Performance;Performance;Per 90 Minutes;Per 90 Minutes;Per 90 Minutes;Per 90 Minutes;Per 90 Minutes;Expected;Expected;Expected;Expected;Per 90 Minutes;Per 90 Minutes;Per 90 Minutes;Per 90 Minutes;Per 90 Minutes;;-additional
Rk;Player;Nation;Pos;Squad;Age;Born;MP;Starts;Min;90s;Gls;Ast;G-PK;PK;PKatt;CrdY;CrdR;Gls;Ast;G+A;G-PK;G+A-PK;xG;npxG;xAG;npxG+xAG;xG;xAG;xG+xAG;npxG;npxG+xAG;Matches;-9999
1;Brenden Aaronson;us USA;MF;Leeds United;22-004;2000;11;11;924;10.3;1;1;1;0;0;2;0;0.10;0.10;0.19;0.10;0.19;1.5;1.5;2.3;3.8;0.15;0.22;0.37;0.15;0.37;Matches;5bc43860
2;Che Adams;sct SCO;FW;Southampton;26-105;1996;11;9;823;9.1;3;1;3;0;0;0;0;0.33;0.11;0.44;0.33;0.44;2.5;2.5;1.2;3.7;0.27;0.14;0.41;0.27;0.41;Matches;f2bf1b0f
3;Tyler Adams;us USA;MF;Leeds United;23-254;1999;10;10;900;10.0;0;0;0;0;0;2;0;0.00;0.00;0.00;0.00;0.00;0.0;0.0;0.8;0.9;0.00;0.08;0.09;0.00;0.09;Matches;2b09d998
4;Tosin Adarabioyo;eng ENG;DF;Fulham;25-032;1997;10;10;900;10.0;1;0;1;0;0;0;0;0.10;0.00;0.10;0.10;0.10;0.1;0.1;0.0;0.2;0.01;0.00;0.02;0.01;0.02;Matches;c81d773d
5;Rayan Aït Nouri;fr FRA;DF;Wolves;21-142;2001;9;7;649;7.2;0;0;0;0;0;1;0;0.00;0.00;0.00;0.00;0.00;0.3;0.3;0.8;1.2;0.04;0.12;0.16;0.04;0.16;Matches;9b398aea
6;Kristoffer Ajer;no NOR;DF;Brentford;24-192;1998;5;5;420;4.7;0;0;0;0;0;0;0;0.00;0.00;0.00;0.00;0.00;0.0;0.0;0.0;0.0;0.01;0.00;0.01;0.01;0.01;Matches;a8c0acb7
7;Manuel Akanji;ch SUI;DF;Manchester City;27-099;1995;5;5;450;5.0;0;0;0;0;0;1;0;0.00;0.00;0.00;0.00;0.00;0.1;0.1;0.0;0.1;0.02;0.00;0.02;0.02;0.02;Matches;89ac64a6
8;Nathan Aké;nl NED;DF;Manchester City;27-250;1995;7;6;481;5.3;0;0;0;0;0;0;0;0.00;0.00;0.00;0.00;0.00;0.1;0.1;0.0;0.1;0.02;0.00;0.02;0.02;0.02;Matches;eaeca114
9;Marc Albrighton;eng ENG;MF;Leicester City;32-342;1989;2;0;18;0.2;0;0;0;0;0;0;0;0.00;0.00;0.00;0.00;0.00;0.0;0.0;0.0;0.0;0.22;0.00;0.22;0.22;0.22;Matches;b827d5b3
10;Thiago Alcántara;es ESP;MF;Liverpool;31-198;1991;5;5;374;4.2;0;0;0;0;0;1;0;0.00;0.00;0.00;0.00;0.00;0.0;0.0;0.2;0.3;0.01;0.06;0.07;0.01;0.07;Matches;77e84962
11;Trent Alexander-Arnold;eng ENG;DF;Liverpool;24-019;1998;11;9;735;8.2;1;0;1;0;0;2;0;0.12;0.00;0.12;0.12;0.12;1.0;1.0;1.7;2.7;0.13;0.21;0.33;0.13;0.33;Matches;cd1acf9d
12;Alisson;br BRA;GK;Liverpool;30-024;1992;11;11;990;11.0;0;1;0;0;0;0;0;0.00;0.09;0.09;0.00;0.09;0.0;0.0;0.3;0.3;0.00;0.03;0.03;0.00;0.03;Matches;7a2e46a8
13;Dele Alli;eng ENG;MF;Everton;26-198;1996;2;0;40;0.4;0;0;0;0;0;0;0;0.00;0.00;0.00;0.00;0.00;0.0;0.0;0.0;0.0;0.00;0.00;0.00;0.00;0.00;Matches;cea4ee8f
14;Miguel Almirón;py PAR;FW;Newcastle Utd;28-258;1994;12;12;1000;11.1;6;0;6;0;0;0;0;0.54;0.00;0.54;0.54;0.54;3.9;3.9;0.6;4.5;0.35;0.05;0.41;0.35;0.41;Matches;862a1c15
15;Julián Álvarez;ar ARG;MFFW;Manchester City;22-268;2000;9;1;220;2.4;2;0;2;0;0;0;0;0.82;0.00;0.82;0.82;0.82;0.8;0.8;0.3;1.1;0.33;0.13;0.46;0.33;0.46;Matches;15ab5a2b
16;Daniel Amartey;gh GHA;DF;Leicester City;27-309;1994;9;7;645;7.2;0;0;0;0;0;0;0;0.00;0.00;0.00;0.00;0.00;0.0;0.0;0.3;0.3;0.00;0.04;0.05;0.00;0.05;Matches;1a4ef233
17;Joachim Andersen;dk DEN;DF;Crystal Palace;26-148;1996;10;10;900;10.0;1;0;1;0;0;2;0;0.10;0.00;0.10;0.10;0.10;0.8;0.8;0.4;1.1;0.08;0.04;0.11;0.08;0.11;Matches;e34fc66d
18;Elliot Anderson;sct SCO;FWMF;Newcastle Utd;19-354;2002;6;0;93;1.0;0;0;0;0;0;0;0;0.00;0.00;0.00;0.00;0.00;0.5;0.5;0.5;1.0;0.49;0.49;0.98;0.49;0.98;Matches;de31038e
19;Jaidon Anthony;eng ENG;MFDF;Bournemouth;22-329;1999;8;1;221;2.5;1;0;1;0;0;0;0;0.41;0.00;0.41;0.41;0.41;0.5;0.5;0.1;0.5;0.19;0.03;0.22;0.19;0.22;Matches;e4238fb1
20;Michail Antonio;jm JAM;FW;West Ham;32-212;1990;12;6;528;5.9;2;1;2;0;0;1;0;0.34;0.17;0.51;0.34;0.51;2.0;2.0;0.4;2.3;0.34;0.06;0.40;0.34;0.40;Matches;ac05f970
21;Antony;br BRA;MF;Manchester Utd;22-244;2000;6;6;491;5.5;3;0;3;0;0;1;0;0.55;0.00;0.55;0.55;0.55;1.7;1.7;0.4;2.1;0.31;0.07;0.38;0.31;0.38;Matches;99127249
22;Cameron Archer;eng ENG;MF;Aston Villa;20-321;2001;5;0;41;0.5;0;0;0;0;0;0;0;0.00;0.00;0.00;0.00;0.00;0.0;0.0;0.0;0.0;0.00;0.00;0.00;0.00;0.00;Matches;05e8ca6d
23;Alphonse Areola;fr FRA;GK;West Ham;29-241;1993;1;0;62;0.7;0;0;0;0;0;0;0;0.00;0.00;0.00;0.00;0.00;0.0;0.0;0.0;0.0;0.00;0.00;0.00;0.00;0.00;Matches;2f965a72
24;Joe Aribo;ng NGA;MFFW;Southampton;26-097;1996;12;9;818;9.1;2;0;2;0;0;1;0;0.22;0.00;0.22;0.22;0.22;1.5;1.5;0.4;1.8;0.16;0.04;0.20;0.16;0.20;Matches;328f7d51
25;Adam Armstrong;eng ENG;MFFW;Southampton;25-258;1997;12;10;785;8.7;1;1;1;0;0;0;0;0.11;0.11;0.23;0.11;0.23;0.9;0.9;0.5;1.5;0.11;0.06;0.17;0.11;0.17;Matches;68c720b5
26;Stuart Armstrong;sct SCO;MF;Southampton;30-210;1992;11;4;484;5.4;1;0;1;0;0;2;0;0.19;0.00;0.19;0.19;0.19;0.9;0.9;0.9;1.7;0.16;0.16;0.32;0.16;0.32;Matches;97333cf5
27;Kepa Arrizabalaga;es ESP;GK;Chelsea;28-023;1994;5;5;450;5.0;0;0;0;0;0;0;0;0.00;0.00;0.00;0.00;0.00;0.0;0.0;0.0;0.0;0.00;0.00;0.00;0.00;0.00;Matches;28d596a0
28;Pierre-Emerick Aubameyang;ga GAB;FW;Chelsea;33-130;1989;4;3;214;2.4;1;0;1;0;0;0;0;0.42;0.00;0.42;0.42;0.42;0.2;0.2;0.3;0.5;0.08;0.15;0.23;0.08;0.23;Matches;d5dd5f1f
29;Ludwig Augustinsson;se SWE;DF;Aston Villa;28-188;1994;1;1;44;0.5;0;0;0;0;0;1;0;0.00;0.00;0.00;0.00;0.00;0.0;0.0;0.0;0.0;0.00;0.00;0.00;0.00;0.00;Matches;9fec8860
30;Serge Aurier;ci CIV;DF;Nott'ham Forest;29-306;1992;4;3;260;2.9;0;0;0;0;0;1;0;0.00;0.00;0.00;0.00;0.00;0.0;0.0;0.1;0.1;0.00;0.05;0.05;0.00;0.05;Matches;5c2b4f07
31;Taiwo Awoniyi;ng NGA;FWMF;Nott'ham Forest;25-075;1997;11;5;437;4.9;3;0;3;0;0;0;0;0.62;0.00;0.62;0.62;0.62;3.4;3.4;0.7;4.0;0.69;0.14;0.83;0.69;0.83;Matches;e5478b87
32;Jordan Ayew;gh GHA;FWMF;Crystal Palace;31-045;1991;11;9;728;8.1;0;1;0;0;0;0;0;0.00;0.12;0.12;0.00;0.12;0.7;0.7;1.0;1.6;0.08;0.12;0.20;0.08;0.20;Matches;da052c14
33;Luke Ayling;eng ENG;DF;Leeds United;31-062;1991;4;1;141;1.6;0;1;0;0;0;0;0;0.00;0.64;0.64;0.00;0.64;0.2;0.2;0.1;0.3;0.11;0.08;0.18;0.11;0.18;Matches;420d7c7d
34;César Azpilicueta;es ESP;DF;Chelsea;33-059;1989;9;5;537;6.0;0;0;0;0;0;1;0;0.00;0.00;0.00;0.00;0.00;0.1;0.1;0.6;0.7;0.02;0.11;0.12;0.02;0.12;Matches;53cad200
35;Leon Bailey;jm JAM;FWMF;Aston Villa;25-078;1997;11;9;681;7.6;2;2;2;0;0;2;0;0.26;0.26;0.53;0.26;0.53;1.5;1.5;1.6;3.2;0.20;0.21;0.42;0.20;0.42;Matches;3a233281
36;Stefan Bajcetic;es ESP;MF;Liverpool;18-004;2004;1;0;21;0.2;0;0;0;0;0;0;0;0.00;0.00;0.00;0.00;0.00;0.0;0.0;0.0;0.0;0.00;0.00;0.00;0.00;0.00;Matches;32e8417f
37;Patrick Bamford;eng ENG;FWMF;Leeds United;29-051;1993;9;4;390;4.3;0;0;0;0;1;0;0;0.00;0.00;0.00;0.00;0.00;4.0;3.2;0.2;3.4;0.92;0.05;0.97;0.74;0.79;Matches;93feac6e
38;Shandon Baptiste;gd GRN;MF;Brentford;24-201;1998;12;4;431;4.8;0;0;0;0;0;1;0;0.00;0.00;0.00;0.00;0.00;0.2;0.2;0.7;0.9;0.04;0.15;0.19;0.04;0.19;Matches;2886c9b5
39;Harvey Barnes;eng ENG;MF;Leicester City;24-321;1997;10;10;816;9.1;4;0;4;0;0;0;0;0.44;0.00;0.44;0.44;0.44;2.2;2.2;0.4;2.6;0.24;0.04;0.29;0.24;0.29;Matches;3ea50f67
40;Gavin Bazunu;ie IRL;GK;Southampton;20-248;2002;12;12;1080;12.0;0;0;0;0;0;0;0;0.00;0.00;0.00;0.00;0.00;0.0;0.0;0.1;0.1;0.00;0.00;0.00;0.00;0.00;Matches;c91441dc
41;Mads Bech Sørensen;dk DEN;DFMF;Brentford;23-292;1999;3;0;20;0.2;0;0;0;0;0;0;0;0.00;0.00;0.00;0.00;0.00;0.0;0.0;0.0;0.0;0.00;0.00;0.00;0.00;0.00;Matches;30db8574
42;Jan Bednarek;pl POL;DF;Southampton;26-197;1996;2;2;159;1.8;0;0;0;0;0;0;0;0.00;0.00;0.00;0.00;0.00;0.1;0.1;0.1;0.1;0.03;0.04;0.07;0.03;0.07;Matches;4115ce4e
43;Jan Bednarek;pl POL;DF;Aston Villa;26-197;1996;2;1;91;1.0;0;0;0;0;0;0;0;0.00;0.00;0.00;0.00;0.00;0.0;0.0;0.0;0.0;0.00;0.00;0.00;0.00;0.00;Matches;4115ce4e
44;Donny van de Beek;nl NED;MF;Manchester Utd;25-191;1997;3;0;22;0.2;0;0;0;0;0;0;0;0.00;0.00;0.00;0.00;0.00;0.0;0.0;0.0;0.0;0.00;0.00;0.00;0.00;0.00;Matches;50dc94ce
45;Asmir Begović;ba BIH;GK;Everton;35-128;1987;1;1;90;1.0;0;0;0;0;0;0;0;0.00;0.00;0.00;0.00;0.00;0.0;0.0;0.0;0.0;0.00;0.00;0.00;0.00;0.00;Matches;7b4de647
46;Armel Bella Kotchap;de GER;DF;Southampton;20-319;2001;9;9;761;8.5;0;1;0;0;0;1;0;0.00;0.12;0.12;0.00;0.12;0.7;0.7;0.1;0.8;0.08;0.01;0.10;0.08;0.10;Matches;a39d11bc
47;Saïd Benrahma;dz ALG;MFFW;West Ham;27-077;1995;10;4;508;5.6;1;1;0;1;1;0;0;0.18;0.18;0.35;0.00;0.18;1.8;1.0;0.8;1.8;0.32;0.14;0.46;0.18;0.32;Matches;5a04fd92
48;Rodrigo Bentancur;uy URU;MF;Tottenham;25-123;1997;11;11;969;10.8;1;2;1;0;0;4;0;0.09;0.19;0.28;0.09;0.28;0.6;0.6;0.7;1.3;0.06;0.07;0.12;0.06;0.12;Matches;3b8674e6
49;Owen Bevan;wls WAL;DF;Bournemouth;19-000;2003;1;0;9;0.1;0;0;0;0;0;0;0;0.00;0.00;0.00;0.00;0.00;0.0;0.0;0.0;0.0;0.00;0.00;0.00;0.00;0.00;Matches;87966294
50;Giulian Biancone;fr FRA;DF;Nott'ham Forest;22-209;2000;2;0;17;0.2;0;0;0;0;0;0;0;0.00;0.00;0.00;0.00;0.00;0.0;0.0;0.0;0.0;0.00;0.00;0.00;0.00;0.00;Matches;de40e38c
51;Philip Billing;dk DEN;MFFW;Bournemouth;26-137;1996;12;10;897;10.0;3;1;3;0;0;1;0;0.30;0.10;0.40;0.30;0.40;0.7;0.7;0.6;1.4;0.07;0.06;0.14;0.07;0.14;Matches;d328a254
52;Yves Bissouma;ml MLI;MF;Tottenham;26-057;1996;11;4;440;4.9;0;0;0;0;0;3;0;0.00;0.00;0.00;0.00;0.00;0.1;0.1;0.2;0.3;0.02;0.04;0.06;0.02;0.06;Matches;6c203af0
53;Willy Boly;ci CIV;DF;Nott'ham Forest;31-265;1991;1;1;62;0.7;0;0;0;0;0;1;0;0.00;0.00;0.00;0.00;0.00;0.0;0.0;0.0;0.0;0.00;0.00;0.00;0.00;0.00;Matches;a4ac4b8f
54;Sven Botman;nl NED;DF;Newcastle Utd;22-287;2000;10;9;811;9.0;0;0;0;0;0;0;0;0.00;0.00;0.00;0.00;0.00;0.3;0.3;0.9;1.2;0.04;0.10;0.13;0.04;0.13;Matches;ccce7025
55;Jarrod Bowen;eng ENG;MFFW;West Ham;25-310;1996;12;12;1070;11.9;2;0;1;1;2;0;0;0.17;0.00;0.17;0.08;0.08;3.6;2.6;1.4;4.0;0.31;0.11;0.42;0.22;0.33;Matches;79c84d1c
56;Armando Broja;al ALB;FW;Chelsea;21-046;2001;9;1;183;2.0;1;0;1;0;0;0;0;0.49;0.00;0.49;0.49;0.49;0.7;0.7;0.0;0.7;0.36;0.00;0.36;0.36;0.36;Matches;97220da2
57;Emi Buendía;ar ARG;FWMF;Aston Villa;25-305;1996;12;4;515;5.7;1;0;1;0;0;0;0;0.17;0.00;0.17;0.17;0.17;1.9;1.9;0.8;2.6;0.32;0.14;0.46;0.32;0.46;Matches;66b76d44
58;Hugo Bueno;es ESP;DF;Wolves;20-038;2002;3;2;181;2.0;0;1;0;0;0;0;0;0.00;0.50;0.50;0.00;0.50;0.1;0.1;0.2;0.3;0.03;0.12;0.15;0.03;0.15;Matches;bfc3b3a0
59;Dan Burn;eng ENG;DF;Newcastle Utd;30-170;1992;12;11;954;10.6;0;0;0;0;0;2;0;0.00;0.00;0.00;0.00;0.00;0.4;0.4;0.1;0.5;0.03;0.01;0.05;0.03;0.05;Matches;b2d31e83
60;Cafú;pt POR;MF;Nott'ham Forest;29-242;1993;1;0;7;0.1;0;0;0;0;0;0;0;0.00;0.00;0.00;0.00;0.00;0.0;0.0;0.0;0.0;0.00;0.00;0.00;0.00;0.00;Matches;85322440
61;Moisés Caicedo;ec ECU;MF;Brighton;20-358;2001;11;11;975;10.8;1;0;1;0;0;3;0;0.09;0.00;0.09;0.09;0.09;0.5;0.5;0.6;1.1;0.05;0.05;0.10;0.05;0.10;Matches;16264a81
62;Tom Cairney;sct SCO;MF;Fulham;31-279;1991;12;0;224;2.5;0;0;0;0;0;0;0;0.00;0.00;0.00;0.00;0.00;0.3;0.3;0.3;0.6;0.12;0.11;0.23;0.12;0.23;Matches;a8748947
63;Duje Ćaleta-Car;hr CRO;DF;Southampton;26-039;1996;4;3;319;3.5;0;0;0;0;0;0;0;0.00;0.00;0.00;0.00;0.00;0.2;0.2;0.0;0.2;0.06;0.01;0.07;0.06;0.07;Matches;94f8d10c
64;Dominic Calvert-Lewin;eng ENG;FW;Everton;25-224;1997;4;2;189;2.1;1;0;1;0;0;1;0;0.48;0.00;0.48;0.48;0.48;0.5;0.5;0.0;0.5;0.22;0.00;0.22;0.22;0.22;Matches;59e6e5bf
65;Chem Campbell;wls WAL;MFFW;Wolves;19-300;2002;5;0;74;0.8;0;0;0;0;0;0;0;0.00;0.00;0.00;0.00;0.00;0.1;0.1;0.0;0.1;0.10;0.00;0.10;0.10;0.10;Matches;6f711f67
66;João Cancelo;pt POR;DF;Manchester City;28-152;1994;11;11;916;10.2;2;1;2;0;0;2;0;0.20;0.10;0.29;0.20;0.29;0.4;0.4;0.7;1.1;0.04;0.06;0.11;0.04;0.11;Matches;bd6351cd
67;Sergi Canós;es ESP;DFFW;Brentford;25-266;1997;2;0;56;0.6;0;0;0;0;0;0;0;0.00;0.00;0.00;0.00;0.00;0.0;0.0;0.0;0.0;0.00;0.06;0.06;0.00;0.06;Matches;1137759d
68;Diego Carlos;br BRA;DF;Aston Villa;29-225;1993;2;2;179;2.0;0;0;0;0;0;0;0;0.00;0.00;0.00;0.00;0.00;0.4;0.4;0.0;0.4;0.18;0.00;0.18;0.18;0.18;Matches;b4a014b1
69;Fabio Carvalho;pt POR;MFFW;Liverpool;20-057;2002;10;4;333;3.7;2;0;2;0;0;0;0;0.54;0.00;0.54;0.54;0.54;1.1;1.1;0.1;1.2;0.30;0.02;0.32;0.30;0.32;Matches;966e28d0
70;Casemiro;br BRA;MF;Manchester Utd;30-245;1992;8;4;442;4.9;1;1;1;0;0;2;0;0.20;0.20;0.41;0.20;0.41;0.5;0.5;0.8;1.3;0.09;0.17;0.26;0.09;0.26;Matches;4d224fe8
71;Matty Cash;pl POL;DF;Aston Villa;25-080;1997;10;9;780;8.7;0;0;0;0;0;2;0;0.00;0.00;0.00;0.00;0.00;0.2;0.2;0.4;0.6;0.02;0.05;0.07;0.02;0.07;Matches;2389cdc2
72;Timothy Castagne;be BEL;DF;Leicester City;26-325;1995;11;10;921;10.2;1;2;1;0;0;0;0;0.10;0.20;0.29;0.10;0.29;0.9;0.9;1.1;2.0;0.09;0.11;0.20;0.09;0.20;Matches;197640fd
73;Jonny Castro;es ESP;DF;Wolves;28-237;1994;11;11;934;10.4;0;0;0;0;0;2;0;0.00;0.00;0.00;0.00;0.00;0.3;0.3;0.3;0.6;0.02;0.03;0.05;0.02;0.05;Matches;e28868f3
74;Nathaniel Chalobah;eng ENG;MF;Fulham;27-318;1994;3;1;11;0.1;0;0;0;0;0;0;1;0.00;0.00;0.00;0.00;0.00;0.1;0.1;0.0;0.1;0.77;0.00;0.77;0.77;0.77;Matches;422862ea
75;Trevoh Chalobah;eng ENG;DF;Chelsea;23-113;1999;5;5;450;5.0;0;0;0;0;0;0;0;0.00;0.00;0.00;0.00;0.00;0.3;0.3;0.0;0.3;0.07;0.00;0.07;0.07;0.07;Matches;5515376c
76;Calum Chambers;eng ENG;DF;Aston Villa;27-279;1995;3;1;101;1.1;0;0;0;0;0;0;0;0.00;0.00;0.00;0.00;0.00;0.0;0.0;0.0;0.0;0.00;0.00;0.00;0.00;0.00;Matches;dc6f5bdd
77;Ben Chilwell;eng ENG;DFMF;Chelsea;25-309;1996;8;4;392;4.4;1;1;1;0;0;1;0;0.23;0.23;0.46;0.23;0.46;0.3;0.3;0.1;0.4;0.06;0.03;0.10;0.06;0.10;Matches;d2424d1b
78;Ryan Christie;sct SCO;MF;Bournemouth;27-246;1995;12;9;707;7.9;1;0;1;0;0;1;0;0.13;0.00;0.13;0.13;0.13;1.1;1.1;0.3;1.4;0.14;0.04;0.18;0.14;0.18;Matches;26ce2263
79;Carney Chukwuemeka;eng ENG;MF;Chelsea;19-006;2003;3;0;46;0.5;0;0;0;0;0;0;0;0.00;0.00;0.00;0.00;0.00;0.1;0.1;0.0;0.1;0.17;0.05;0.22;0.17;0.22;Matches;b2f9c73e
80;Bobby Clark;eng ENG;MF;Liverpool;17-261;2005;1;0;8;0.1;0;0;0;0;0;0;0;0.00;0.00;0.00;0.00;0.00;0.0;0.0;0.0;0.0;0.00;0.00;0.00;0.00;0.00;Matches;73341ace
81;Nathaniel Clyne;eng ENG;DF;Crystal Palace;31-204;1991;6;5;413;4.6;0;0;0;0;0;1;0;0.00;0.00;0.00;0.00;0.00;0.0;0.0;0.1;0.1;0.00;0.03;0.03;0.00;0.03;Matches;0442183b
82;Conor Coady;eng ENG;DF;Everton;29-243;1993;11;11;980;10.9;1;1;1;0;0;1;0;0.09;0.09;0.18;0.09;0.18;0.6;0.6;0.2;0.8;0.05;0.02;0.07;0.05;0.07;Matches;2928dca2
83;Jack Colback;eng ENG;MF;Nott'ham Forest;33-002;1989;3;1;127;1.4;0;0;0;0;0;0;0;0.00;0.00;0.00;0.00;0.00;0.0;0.0;0.2;0.2;0.00;0.11;0.11;0.00;0.11;Matches;963a9201
84;Séamus Coleman;ie IRL;DF;Everton;34-015;1988;5;5;410;4.6;0;0;0;0;0;0;0;0.00;0.00;0.00;0.00;0.00;0.1;0.1;0.2;0.4;0.03;0.05;0.08;0.03;0.08;Matches;0420d84f
85;Nathan Collins;ie IRL;DF;Wolves;21-179;2001;9;9;752;8.4;0;0;0;0;0;1;1;0.00;0.00;0.00;0.00;0.00;0.0;0.0;0.1;0.1;0.00;0.01;0.01;0.00;0.01;Matches;a8c19eb8
86;Levi Colwill;eng ENG;DFMF;Brighton;19-242;2003;2;0;13;0.1;0;0;0;0;0;0;0;0.00;0.00;0.00;0.00;0.00;0.0;0.0;0.0;0.0;0.00;0.00;0.00;0.00;0.00;Matches;700783e7
87;Lewis Cook;eng ENG;MF;Bournemouth;25-265;1997;12;10;923;10.3;0;1;0;0;0;0;0;0.00;0.10;0.10;0.00;0.10;0.1;0.1;1.1;1.2;0.01;0.11;0.12;0.01;0.12;Matches;2afc7272
88;Steve Cook;eng ENG;DF;Nott'ham Forest;31-190;1991;10;9;778;8.6;0;0;0;0;0;4;0;0.00;0.00;0.00;0.00;0.00;0.0;0.0;0.6;0.6;0.00;0.07;0.07;0.00;0.07;Matches;3e5e4e63
89;Liam Cooper;sct SCO;DF;Leeds United;31-057;1991;5;4;405;4.5;0;0;0;0;0;1;0;0.00;0.00;0.00;0.00;0.00;0.2;0.2;0.4;0.6;0.04;0.10;0.14;0.04;0.14;Matches;dc64b8b3
90;Maxwel Cornet;ci CIV;MFFW;West Ham;26-029;1996;5;1;91;1.0;0;0;0;0;0;0;0;0.00;0.00;0.00;0.00;0.00;0.5;0.5;0.0;0.5;0.53;0.00;0.53;0.53;0.53;Matches;beb391dd
91;Diego Costa;es ESP;FW;Wolves;34-019;1988;5;4;323;3.6;0;0;0;0;0;0;0;0.00;0.00;0.00;0.00;0.00;1.1;1.1;0.1;1.2;0.31;0.03;0.34;0.31;0.34;Matches;a190d597
92;Vladimír Coufal;cz CZE;DFMF;West Ham;30-065;1992;9;7;685;7.6;0;0;0;0;0;1;0;0.00;0.00;0.00;0.00;0.00;0.1;0.1;0.6;0.7;0.01;0.08;0.10;0.01;0.10;Matches;fdf3cb77
93;Philippe Coutinho;br BRA;MFFW;Aston Villa;30-136;1992;11;6;541;6.0;0;0;0;0;0;2;0;0.00;0.00;0.00;0.00;0.00;1.0;1.0;0.3;1.3;0.16;0.05;0.21;0.16;0.21;Matches;0ef89a37
94;Conor Coventry;ie IRL;MFFW;West Ham;22-215;2000;1;0;1;0.0;0;0;0;0;0;0;0;0.00;0.00;0.00;0.00;0.00;0.0;0.0;0.0;0.0;0.00;0.00;0.00;0.00;0.00;Matches;a5ca9127
95;Aaron Cresswell;eng ENG;DF;West Ham;32-315;1989;11;11;970;10.8;0;0;0;0;0;2;0;0.00;0.00;0.00;0.00;0.00;0.2;0.2;2.0;2.3;0.02;0.19;0.21;0.02;0.21;Matches;4f974391
96;Marc Cucurella;es ESP;DF;Chelsea;24-096;1998;10;9;676;7.5;0;2;0;0;0;2;0;0.00;0.27;0.27;0.00;0.27;0.3;0.3;0.3;0.6;0.04;0.04;0.07;0.04;0.07;Matches;1daec722
97;Patson Daka;zm ZAM;FW;Leicester City;24-017;1998;11;5;486;5.4;3;1;3;0;0;2;0;0.56;0.19;0.74;0.56;0.74;1.5;1.5;1.5;3.0;0.29;0.28;0.56;0.29;0.56;Matches;ca45605e
98;Diogo Dalot;pt POR;DF;Manchester Utd;23-222;1999;11;11;985;10.9;0;1;0;0;0;4;0;0.00;0.09;0.09;0.00;0.09;0.6;0.6;1.1;1.7;0.06;0.10;0.16;0.06;0.16;Matches;d9565625
99;Mikkel Damsgaard;dk DEN;MFFW;Brentford;22-115;2000;7;1;182;2.0;0;0;0;0;0;1;0;0.00;0.00;0.00;0.00;0.00;0.4;0.4;0.4;0.8;0.21;0.18;0.39;0.21;0.39;Matches;215f3907
100;Josh Dasilva;eng ENG;MF;Brentford;24-003;1998;12;5;521;5.8;2;0;2;0;0;1;0;0.35;0.00;0.35;0.35;0.35;0.3;0.3;0.2;0.5;0.05;0.04;0.09;0.05;0.09;Matches;60344e4f
101;Ben Davies;wls WAL;DF;Tottenham;29-185;1993;9;8;725;8.1;0;1;0;0;0;1;0;0.00;0.12;0.12;0.00;0.12;0.2;0.2;0.7;0.9;0.02;0.09;0.11;0.02;0.11;Matches;44781702
102;Tom Davies;eng ENG;MF;Everton;24-118;1998;7;3;298;3.3;0;0;0;0;0;2;0;0.00;0.00;0.00;0.00;0.00;0.5;0.5;0.1;0.7;0.16;0.04;0.20;0.16;0.20;Matches;9228b07c
103;Craig Dawson;eng ENG;DF;West Ham;32-173;1990;2;2;180;2.0;0;0;0;0;0;0;0;0.00;0.00;0.00;0.00;0.00;0.0;0.0;0.0;0.0;0.00;0.00;0.00;0.00;0.00;Matches;3e9e06cb
104;Kevin De Bruyne;be BEL;MF;Manchester City;31-120;1991;11;10;861;9.6;2;9;2;0;0;0;0;0.21;0.94;1.15;0.21;1.15;2.1;2.1;5.1;7.2;0.22;0.53;0.75;0.22;0.75;Matches;e46012d4
105;Siriki Dembélé;ci CIV;DF;Bournemouth;26-049;1996;1;0;8;0.1;0;0;0;0;0;0;0;0.00;0.00;0.00;0.00;0.00;0.0;0.0;0.0;0.0;0.00;0.00;0.00;0.00;0.00;Matches;11f54bd5
106;Leander Dendoncker;be BEL;MF;Wolves;27-194;1995;4;2;214;2.4;0;0;0;0;0;0;0;0.00;0.00;0.00;0.00;0.00;0.7;0.7;0.0;0.7;0.27;0.02;0.29;0.27;0.29;Matches;5a7301ae
107;Leander Dendoncker;be BEL;MF;Aston Villa;27-194;1995;5;1;135;1.5;0;0;0;0;0;0;0;0.00;0.00;0.00;0.00;0.00;0.1;0.1;0.4;0.4;0.03;0.24;0.27;0.03;0.27;Matches;5a7301ae
108;Emmanuel Dennis;ng NGA;FW;Nott'ham Forest;24-345;1997;7;2;232;2.6;1;0;1;0;0;2;0;0.39;0.00;0.39;0.39;0.39;0.4;0.4;0.3;0.6;0.14;0.10;0.24;0.14;0.24;Matches;2c44a35d
109;Halil Dervişoğlu;tr TUR;MF;Brentford;22-322;1999;1;0;8;0.1;0;0;0;0;0;0;0;0.00;0.00;0.00;0.00;0.00;0.0;0.0;0.0;0.0;0.31;0.00;0.31;0.31;0.31;Matches;9d8cf204
110;Kiernan Dewsbury-Hall;eng ENG;MF;Leicester City;24-050;1998;12;11;945;10.5;1;2;1;0;0;1;0;0.10;0.19;0.29;0.10;0.29;0.6;0.6;1.6;2.2;0.05;0.16;0.21;0.05;0.21;Matches;5c74c0f5
111;Ibrahima Diallo;fr FRA;MF;Southampton;23-232;1999;8;5;405;4.5;0;0;0;0;0;1;0;0.00;0.00;0.00;0.00;0.00;0.1;0.1;0.0;0.1;0.02;0.01;0.03;0.02;0.03;Matches;11ff3d56
112;Rúben Dias;pt POR;DF;Manchester City;25-165;1997;10;9;853;9.5;0;0;0;0;0;0;0;0.00;0.00;0.00;0.00;0.00;0.6;0.6;0.1;0.8;0.07;0.02;0.08;0.07;0.08;Matches;31c69ef1
113;Luis Díaz;co COL;FWMF;Liverpool;25-286;1997;8;7;613;6.8;3;2;3;0;0;2;0;0.44;0.29;0.73;0.44;0.73;1.7;1.7;1.0;2.7;0.26;0.15;0.40;0.26;0.40;Matches;4a1a9578
114;Eric Dier;eng ENG;DF;Tottenham;28-284;1994;12;12;1071;11.9;2;0;2;0;0;1;0;0.17;0.00;0.17;0.17;0.17;0.6;0.6;0.5;1.0;0.05;0.04;0.09;0.05;0.09;Matches;ac861941
115;Lucas Digne;fr FRA;DF;Aston Villa;29-098;1993;7;7;630;7.0;0;0;0;0;0;2;0;0.00;0.00;0.00;0.00;0.00;0.1;0.1;0.5;0.6;0.02;0.07;0.09;0.02;0.09;Matches;1b84dbe1
116;Issa Diop;fr FRA;DF;Fulham;25-290;1997;5;3;328;3.6;1;0;1;0;0;1;0;0.27;0.00;0.27;0.27;0.27;0.3;0.3;0.0;0.3;0.07;0.00;0.07;0.07;0.07;Matches;a712ca2b
117;Moussa Djenepo;ml MLI;DFMF;Southampton;24-133;1998;9;5;509;5.7;0;1;0;0;0;0;0;0.00;0.18;0.18;0.00;0.18;0.1;0.1;0.2;0.3;0.03;0.03;0.05;0.03;0.05;Matches;254147d4
118;Matt Doherty;ie IRL;DF;Tottenham;30-283;1992;6;3;294;3.3;0;0;0;0;0;0;0;0.00;0.00;0.00;0.00;0.00;0.3;0.3;0.1;0.3;0.09;0.02;0.10;0.09;0.10;Matches;d557d734
119;Gabriel Dos Santos;br BRA;DF;Arsenal;24-311;1997;11;11;990;11.0;1;0;1;0;0;1;0;0.09;0.00;0.09;0.09;0.09;1.3;1.3;0.2;1.5;0.12;0.01;0.14;0.12;0.14;Matches;67ac5bb8
120;Abdoulaye Doucouré;ml MLI;MF;Everton;29-298;1993;5;2;140;1.6;0;0;0;0;0;0;0;0.00;0.00;0.00;0.00;0.00;0.1;0.1;0.0;0.1;0.08;0.00;0.08;0.08;0.08;Matches;02b29014
121;Cheick Doucouré;ml MLI;MF;Crystal Palace;22-291;2000;10;10;803;8.9;0;1;0;0;0;4;0;0.00;0.11;0.11;0.00;0.11;0.3;0.3;0.9;1.2;0.03;0.10;0.14;0.03;0.14;Matches;ce4f40c7
122;Flynn Downes;eng ENG;MF;West Ham;23-279;1999;4;2;162;1.8;0;0;0;0;0;0;0;0.00;0.00;0.00;0.00;0.00;0.2;0.2;0.0;0.2;0.13;0.00;0.13;0.13;0.13;Matches;69fdb896
123;Cody Drameh;eng ENG;DF;Leeds United;20-322;2001;1;1;69;0.8;0;0;0;0;0;0;0;0.00;0.00;0.00;0.00;0.00;0.0;0.0;0.0;0.0;0.00;0.00;0.00;0.00;0.00;Matches;e0d1510a
124;Shane Duffy;ie IRL;FWDF;Fulham;30-298;1992;4;0;6;0.1;0;0;0;0;0;0;0;0.00;0.00;0.00;0.00;0.00;0.0;0.0;0.0;0.0;0.00;0.00;0.00;0.00;0.00;Matches;7314bba4
125;Lewis Dunk;eng ENG;DF;Brighton;30-339;1991;11;11;990;11.0;0;0;0;0;0;0;0;0.00;0.00;0.00;0.00;0.00;0.7;0.7;0.1;0.7;0.06;0.01;0.07;0.06;0.07;Matches;282f75f3
126;Malcolm Ebiowei;eng ENG;MF;Crystal Palace;19-052;2003;2;0;21;0.2;0;0;0;0;0;0;0;0.00;0.00;0.00;0.00;0.00;0.0;0.0;0.0;0.0;0.00;0.00;0.00;0.00;0.00;Matches;fa9fa773
127;Ederson;br BRA;GK;Manchester City;29-070;1993;11;11;990;11.0;0;1;0;0;0;0;0;0.00;0.09;0.09;0.00;0.09;0.0;0.0;0.4;0.4;0.00;0.03;0.03;0.00;0.03;Matches;3bb7b8b4
128;Odsonne Édouard;fr FRA;FW;Crystal Palace;24-283;1998;11;8;687;7.6;2;2;2;0;0;2;0;0.26;0.26;0.52;0.26;0.52;1.4;1.4;0.7;2.1;0.19;0.09;0.28;0.19;0.28;Matches;0562b7f1
129;Samuel Edozie;eng ENG;MF;Southampton;19-271;2003;5;0;82;0.9;0;0;0;0;0;0;0;0.00;0.00;0.00;0.00;0.00;0.0;0.0;0.1;0.1;0.03;0.08;0.11;0.03;0.11;Matches;007414dd
130;Anthony Elanga;se SWE;MF;Manchester Utd;20-182;2002;7;3;229;2.5;0;1;0;0;0;0;0;0.00;0.39;0.39;0.00;0.39;0.3;0.3;0.8;1.1;0.12;0.32;0.44;0.12;0.44;Matches;2fba6108
131;Harvey Elliott;eng ENG;MF;Liverpool;19-205;2003;11;7;660;7.3;1;0;1;0;0;0;0;0.14;0.00;0.14;0.14;0.14;1.0;1.0;1.8;2.8;0.13;0.25;0.38;0.13;0.38;Matches;c8387671
132;Mohamed Elneny;eg EGY;MF;Arsenal;30-107;1992;1;1;90;1.0;0;0;0;0;0;0;0;0.00;0.00;0.00;0.00;0.00;0.0;0.0;0.0;0.0;0.00;0.00;0.00;0.00;0.00;Matches;47a34c4f
133;Mohamed Elyounoussi;no NOR;MF;Southampton;28-083;1994;11;9;732;8.1;0;1;0;0;0;1;0;0.00;0.12;0.12;0.00;0.12;1.2;1.2;0.8;2.0;0.15;0.09;0.25;0.15;0.25;Matches;68dc0dac
134;Emerson;br BRA;DF;Tottenham;23-285;1999;9;8;714;7.9;0;1;0;0;0;1;1;0.00;0.13;0.13;0.00;0.13;0.4;0.4;0.2;0.6;0.04;0.03;0.07;0.04;0.07;Matches;df8b52a5
135;Christian Eriksen;dk DEN;MF;Manchester Utd;30-254;1992;10;9;785;8.7;0;2;0;0;0;1;0;0.00;0.23;0.23;0.00;0.23;1.4;1.4;1.0;2.4;0.16;0.11;0.27;0.16;0.27;Matches;980522ec
136;Pervis Estupiñán;ec ECU;DF;Brighton;24-278;1998;8;5;380;4.2;0;0;0;0;0;3;0;0.00;0.00;0.00;0.00;0.00;0.0;0.0;1.5;1.5;0.01;0.34;0.36;0.01;0.36;Matches;d38fdf53
137;Jonny Evans;nir NIR;DF;Leicester City;34-296;1988;9;9;810;9.0;0;0;0;0;0;0;0;0.00;0.00;0.00;0.00;0.00;0.2;0.2;0.0;0.2;0.02;0.00;0.02;0.02;0.02;Matches;f8fcd2a5
138;Eberechi Eze;eng ENG;MF;Crystal Palace;24-119;1998;11;11;910;10.1;2;2;2;0;0;0;0;0.20;0.20;0.40;0.20;0.40;1.6;1.6;1.7;3.3;0.16;0.17;0.32;0.16;0.32;Matches;ae4fc6a4
139;Łukasz Fabiański;pl POL;GK;West Ham;37-191;1985;12;12;1018;11.3;0;0;0;0;0;0;0;0.00;0.00;0.00;0.00;0.00;0.0;0.0;0.0;0.0;0.00;0.00;0.00;0.00;0.00;Matches;9328b835
140;Fabinho;br BRA;MF;Liverpool;29-003;1993;11;8;758;8.4;0;0;0;0;0;2;0;0.00;0.00;0.00;0.00;0.00;0.2;0.2;0.4;0.6;0.02;0.05;0.07;0.02;0.07;Matches;7f3b388c
141;Wout Faes;be BEL;DF;Leicester City;24-206;1998;6;6;540;6.0;0;0;0;0;0;1;0;0.00;0.00;0.00;0.00;0.00;0.3;0.3;0.3;0.5;0.04;0.04;0.09;0.04;0.09;Matches;9c221d14
142;Bruno Fernandes;pt POR;MF;Manchester Utd;28-048;1994;11;11;989;11.0;2;1;2;0;0;4;0;0.18;0.09;0.27;0.18;0.27;1.9;1.9;2.4;4.3;0.17;0.22;0.39;0.17;0.39;Matches;507c7bdf
143;Roberto Firmino;br BRA;FWMF;Liverpool;31-024;1991;10;8;692;7.7;6;3;6;0;0;0;0;0.78;0.39;1.17;0.78;1.17;3.5;3.5;1.6;5.1;0.45;0.21;0.66;0.45;0.66;Matches;4c370d81
144;Junior Firpo;es ESP;DF;Leeds United;26-065;1996;2;1;114;1.3;0;0;0;0;0;0;0;0.00;0.00;0.00;0.00;0.00;0.0;0.0;0.1;0.1;0.00;0.10;0.10;0.00;0.10;Matches;24f59bb2
145;Phil Foden;eng ENG;FWMF;Manchester City;22-151;2000;11;10;777;8.6;6;4;6;0;0;1;0;0.69;0.46;1.16;0.69;1.16;3.3;3.3;1.7;5.0;0.38;0.20;0.58;0.38;0.58;Matches;ed1e53f3
146;Wesley Fofana;fr FRA;DF;Chelsea;21-313;2000;2;2;180;2.0;0;0;0;0;0;0;0;0.00;0.00;0.00;0.00;0.00;0.0;0.0;0.0;0.0;0.01;0.00;0.01;0.01;0.01;Matches;132a82f1
147;Wesley Fofana;fr FRA;DF;Leicester City;21-313;2000;2;2;180;2.0;0;0;0;0;0;1;0;0.00;0.00;0.00;0.00;0.00;0.1;0.1;0.0;0.1;0.06;0.00;0.06;0.06;0.06;Matches;132a82f1
148;Pablo Fornals;es ESP;MFDF;West Ham;26-246;1996;11;9;745;8.3;1;0;1;0;0;0;0;0.12;0.00;0.12;0.12;0.12;0.6;0.6;0.5;1.0;0.07;0.05;0.13;0.07;0.13;Matches;82927de4
149;Adam Forshaw;eng ENG;MF;Leeds United;31-018;1991;3;0;50;0.6;0;0;0;0;0;0;0;0.00;0.00;0.00;0.00;0.00;0.0;0.0;0.4;0.4;0.00;0.79;0.79;0.00;0.79;Matches;9f1938ab
150;Tyrese Francois;au AUS;MF;Fulham;22-102;2000;1;0;1;0.0;0;0;0;0;0;0;0;0.00;0.00;0.00;0.00;0.00;0.0;0.0;0.0;0.0;0.00;0.00;0.00;0.00;0.00;Matches;6722d4f0
151;Ryan Fraser;sct SCO;FW;Newcastle Utd;28-244;1994;8;3;313;3.5;0;0;0;0;0;1;0;0.00;0.00;0.00;0.00;0.00;0.3;0.3;0.4;0.7;0.09;0.11;0.20;0.09;0.20;Matches;d56543a0
152;Fred;br BRA;MF;Manchester Utd;29-235;1993;10;4;386;4.3;1;0;1;0;0;2;0;0.23;0.00;0.23;0.23;0.23;0.7;0.7;0.8;1.5;0.16;0.18;0.34;0.16;0.34;Matches;b853e0ad
153;Ryan Fredericks;eng ENG;DF;Bournemouth;30-016;1992;6;4;366;4.1;0;0;0;0;0;1;0;0.00;0.00;0.00;0.00;0.00;0.0;0.0;0.1;0.1;0.00;0.03;0.03;0.00;0.03;Matches;c067631c
154;Remo Freuler;ch SUI;MF;Nott'ham Forest;30-194;1992;8;6;573;6.4;0;0;0;0;0;2;0;0.00;0.00;0.00;0.00;0.00;0.1;0.1;0.1;0.2;0.02;0.02;0.04;0.02;0.04;Matches;98d2c2c4
155;Conor Gallagher;eng ENG;MF;Chelsea;22-262;2000;9;5;303;3.4;1;0;1;0;0;2;1;0.30;0.00;0.30;0.30;0.30;0.2;0.2;0.7;0.9;0.06;0.20;0.26;0.06;0.26;Matches;c2731c10
156;Idrissa Gana Gueye;sn SEN;MF;Everton;33-030;1989;7;6;539;6.0;0;0;0;0;0;3;0;0.00;0.00;0.00;0.00;0.00;0.0;0.0;0.0;0.0;0.00;0.01;0.01;0.00;0.01;Matches;72c812f3
157;Alejandro Garnacho;es ESP;MF;Manchester Utd;18-117;2004;1;0;1;0.0;0;0;0;0;0;0;0;0.00;0.00;0.00;0.00;0.00;0.0;0.0;0.0;0.0;0.00;0.00;0.00;0.00;0.00;Matches;7aa8adfe
158;James Garner;eng ENG;MF;Everton;21-227;2001;4;0;71;0.8;0;0;0;0;0;1;0;0.00;0.00;0.00;0.00;0.00;0.1;0.1;0.0;0.1;0.08;0.00;0.08;0.08;0.08;Matches;4e015693
159;David de Gea;es ESP;GK;Manchester Utd;31-353;1990;11;11;990;11.0;0;0;0;0;0;0;0;0.00;0.00;0.00;0.00;0.00;0.0;0.0;0.1;0.1;0.00;0.01;0.01;0.00;0.01;Matches;7ba6d84e
160;Joe Gelhardt;eng ENG;FWMF;Leeds United;20-175;2002;9;1;157;1.7;0;1;0;0;0;0;0;0.00;0.57;0.57;0.00;0.57;0.6;0.6;0.1;0.8;0.35;0.08;0.43;0.35;0.43;Matches;01962d0d
161;Saman Ghoddos;ir IRN;MFFW;Brentford;29-050;1993;5;0;33;0.4;0;0;0;0;0;0;0;0.00;0.00;0.00;0.00;0.00;0.0;0.0;0.0;0.0;0.00;0.00;0.00;0.00;0.00;Matches;f7b1d4e0
162;Morgan Gibbs-White;eng ENG;FWMF;Nott'ham Forest;22-272;2000;10;9;806;9.0;0;2;0;0;0;0;0;0.00;0.22;0.22;0.00;0.22;1.1;1.1;1.3;2.4;0.12;0.15;0.27;0.12;0.27;Matches;32f60ed8
163;Morgan Gibbs-White;eng ENG;MF;Wolves;22-272;2000;2;2;180;2.0;0;0;0;0;0;1;0;0.00;0.00;0.00;0.00;0.00;0.7;0.7;0.1;0.8;0.36;0.04;0.40;0.36;0.40;Matches;32f60ed8
164;Billy Gilmour;sct SCO;MF;Brighton;21-137;2001;3;0;7;0.1;0;0;0;0;0;0;0;0.00;0.00;0.00;0.00;0.00;0.0;0.0;0.0;0.0;0.00;0.00;0.00;0.00;0.00;Matches;df10e27c
165;Ben Godfrey;eng ENG;DF;Everton;24-284;1998;1;1;17;0.2;0;0;0;0;0;0;0;0.00;0.00;0.00;0.00;0.00;0.0;0.0;0.0;0.0;0.00;0.00;0.00;0.00;0.00;Matches;9f7c837d
166;Toti Gomes;pt POR;DF;Wolves;23-283;1999;2;2;180;2.0;0;0;0;0;0;0;0;0.00;0.00;0.00;0.00;0.00;0.0;0.0;0.0;0.0;0.00;0.02;0.02;0.00;0.02;Matches;f0caab96
167;Joe Gomez;eng ENG;DF;Liverpool;25-156;1997;9;7;703;7.8;0;0;0;0;0;2;0;0.00;0.00;0.00;0.00;0.00;0.1;0.1;0.2;0.2;0.01;0.02;0.03;0.01;0.03;Matches;7a11550b
168;Sergio Gómez;es ESP;DFMF;Manchester City;22-052;2000;5;0;111;1.2;0;1;0;0;0;0;0;0.00;0.81;0.81;0.00;0.81;0.1;0.1;0.4;0.5;0.11;0.33;0.44;0.11;0.44;Matches;01e5f06e
169;Anthony Gordon;eng ENG;FWMF;Everton;21-244;2001;11;10;862;9.6;3;0;3;0;0;6;0;0.31;0.00;0.31;0.31;0.31;2.5;2.5;0.5;3.0;0.26;0.05;0.31;0.26;0.31;Matches;2bd83368
170;Demarai Gray;eng ENG;FWMF;Everton;26-120;1996;12;12;1029;11.4;1;0;1;0;0;1;0;0.09;0.00;0.09;0.09;0.09;2.1;2.1;1.3;3.4;0.18;0.11;0.29;0.18;0.29;Matches;4468ec10
171;Jack Grealish;eng ENG;FWMF;Manchester City;27-046;1995;6;4;394;4.4;1;0;1;0;0;0;0;0.23;0.00;0.23;0.23;0.23;0.7;0.7;1.0;1.7;0.16;0.22;0.38;0.16;0.38;Matches;b0b4fd3e
172;Sam Greenwood;eng ENG;MF;Leeds United;20-273;2002;4;1;106;1.2;0;0;0;0;0;0;0;0.00;0.00;0.00;0.00;0.00;0.2;0.2;0.0;0.3;0.21;0.04;0.25;0.21;0.25;Matches;f3354c07
173;Pascal Groß;de GER;MFFW;Brighton;31-133;1991;11;11;922;10.2;3;2;3;0;0;1;0;0.29;0.20;0.49;0.29;0.49;2.4;2.4;3.2;5.6;0.24;0.31;0.55;0.24;0.55;Matches;8aec0537
174;Vicente Guaita;es ESP;GK;Crystal Palace;35-289;1987;11;11;990;11.0;0;0;0;0;0;1;0;0.00;0.00;0.00;0.00;0.00;0.0;0.0;0.0;0.0;0.00;0.00;0.00;0.00;0.00;Matches;ab13a5aa
175;Gonçalo Guedes;pt POR;FWMF;Wolves;25-331;1996;9;6;518;5.8;0;1;0;0;0;1;0;0.00;0.17;0.17;0.00;0.17;0.7;0.7;0.5;1.1;0.11;0.08;0.20;0.11;0.20;Matches;e6bc67d7
176;Marc Guéhi;eng ENG;DF;Crystal Palace;22-105;2000;11;11;990;11.0;0;0;0;0;0;4;0;0.00;0.00;0.00;0.00;0.00;0.2;0.2;0.1;0.4;0.02;0.01;0.03;0.02;0.03;Matches;d0706b27
177;Bruno Guimarães;br BRA;MF;Newcastle Utd;24-344;1997;9;9;730;8.1;2;2;2;0;0;1;0;0.25;0.25;0.49;0.25;0.49;0.6;0.6;1.2;1.8;0.07;0.15;0.22;0.07;0.22;Matches;82518f62
178;İlkay Gündoğan;de GER;MF;Manchester City;32-002;1990;9;7;622;6.9;2;1;2;0;0;0;0;0.29;0.14;0.43;0.29;0.43;1.5;1.5;1.9;3.4;0.22;0.28;0.49;0.22;0.49;Matches;819b3158
179;Erling Haaland;no NOR;FW;Manchester City;22-097;2000;11;11;920;10.2;17;3;15;2;2;0;0;1.66;0.29;1.96;1.47;1.76;9.9;8.4;2.2;10.5;0.97;0.21;1.18;0.82;1.03;Matches;1f44ac21
180;Luke Harris;wls WAL;MF;Fulham;17-206;2005;1;0;4;0.0;0;0;0;0;0;0;0;0.00;0.00;0.00;0.00;0.00;0.0;0.0;0.0;0.0;0.00;0.00;0.00;0.00;0.00;Matches;8c3078cd
181;Jack Harrison;eng ENG;MF;Leeds United;25-340;1996;11;10;821;9.1;1;3;1;0;0;2;0;0.11;0.33;0.44;0.11;0.44;1.1;1.1;1.8;2.8;0.12;0.19;0.31;0.12;0.31;Matches;aa849a12
182;Kai Havertz;de GER;FWMF;Chelsea;23-137;1999;10;9;712;7.9;2;0;2;0;0;3;0;0.25;0.00;0.25;0.25;0.25;2.0;2.0;0.3;2.3;0.25;0.04;0.29;0.25;0.29;Matches;fed7cb61
183;Jan Paul van Hecke;nl NED;DF;Brighton;22-140;2000;1;0;3;0.0;0;0;0;0;0;0;0;0.00;0.00;0.00;0.00;0.00;0.0;0.0;0.0;0.0;0.00;0.00;0.00;0.00;0.00;Matches;4fd08daa
184;Hwang Hee-chan;kr KOR;FW;Wolves;26-273;1996;10;2;258;2.9;0;1;0;0;0;0;0;0.00;0.35;0.35;0.00;0.35;0.4;0.4;0.7;1.1;0.15;0.24;0.39;0.15;0.39;Matches;169fd162
185;Dean Henderson;eng ENG;GK;Nott'ham Forest;25-228;1997;12;12;1080;12.0;0;0;0;0;0;1;0;0.00;0.00;0.00;0.00;0.00;0.0;0.0;0.0;0.0;0.00;0.00;0.00;0.00;0.00;Matches;e5a76dfe
186;Jordan Henderson;eng ENG;MF;Liverpool;32-131;1990;10;7;600;6.7;0;0;0;0;0;0;0;0.00;0.00;0.00;0.00;0.00;0.3;0.3;0.9;1.2;0.05;0.13;0.19;0.05;0.19;Matches;935e6b8f
187;Rico Henry;eng ENG;DF;Brentford;25-110;1997;12;12;1076;12.0;0;1;0;0;0;0;0;0.00;0.08;0.08;0.00;0.08;0.5;0.5;0.7;1.2;0.04;0.06;0.10;0.04;0.10;Matches;8a3c1dc7
188;Son Heung-min;kr KOR;MFFW;Tottenham;30-110;1992;12;11;940;10.4;3;2;3;0;0;0;0;0.29;0.19;0.48;0.29;0.48;3.3;3.3;2.0;5.3;0.32;0.19;0.50;0.32;0.50;Matches;92e7e919
189;Aaron Hickey;sct SCO;DF;Brentford;20-138;2002;9;8;679;7.5;0;0;0;0;0;4;0;0.00;0.00;0.00;0.00;0.00;0.1;0.1;0.0;0.1;0.01;0.00;0.01;0.01;0.01;Matches;1780bb4a
190;Joseph Hodge;ie IRL;MF;Wolves;20-042;2002;3;0;79;0.9;0;0;0;0;0;1;0;0.00;0.00;0.00;0.00;0.00;0.1;0.1;0.0;0.1;0.07;0.00;0.07;0.07;0.07;Matches;bd8a5d95
191;Pierre Højbjerg;dk DEN;MF;Tottenham;27-082;1995;11;11;974;10.8;3;1;3;0;0;1;0;0.28;0.09;0.37;0.28;0.37;0.7;0.7;1.2;1.8;0.06;0.11;0.17;0.06;0.17;Matches;8b04d6c1
192;Rob Holding;eng ENG;DF;Arsenal;27-036;1995;3;0;13;0.1;0;0;0;0;0;0;0;0.00;0.00;0.00;0.00;0.00;0.0;0.0;0.0;0.0;0.00;0.00;0.00;0.00;0.00;Matches;d79a8c87
193;Mason Holgate;eng ENG;DF;Everton;26-004;1996;4;3;320;3.6;0;0;0;0;0;1;0;0.00;0.00;0.00;0.00;0.00;0.3;0.3;0.3;0.6;0.08;0.08;0.16;0.08;0.16;Matches;d0042ab9
194;Will Hughes;eng ENG;MF;Crystal Palace;27-192;1995;6;0;63;0.7;0;0;0;0;0;0;0;0.00;0.00;0.00;0.00;0.00;0.1;0.1;0.0;0.1;0.21;0.00;0.21;0.21;0.21;Matches;a0666d3e
195;Kelechi Iheanacho;ng NGA;FWMF;Leicester City;26-023;1996;9;1;199;2.2;1;1;1;0;0;0;0;0.45;0.45;0.90;0.45;0.90;1.3;1.3;0.5;1.8;0.57;0.22;0.79;0.57;0.79;Matches;c92e1a31
196;Danny Ings;eng ENG;FW;Aston Villa;30-095;1992;11;6;542;6.0;3;0;2;1;1;3;0;0.50;0.00;0.50;0.33;0.33;2.7;2.0;0.2;2.2;0.46;0.04;0.50;0.33;0.37;Matches;07802f7f
197;Alexander Isak;se SWE;FW;Newcastle Utd;23-035;1999;3;3;242;2.7;2;0;1;1;1;0;0;0.74;0.00;0.74;0.37;0.37;2.2;1.4;0.3;1.7;0.82;0.10;0.93;0.53;0.63;Matches;8e92be30
198;Alex Iwobi;ng NGA;MF;Everton;26-176;1996;12;12;1062;11.8;1;5;1;0;0;1;0;0.08;0.42;0.51;0.08;0.51;0.3;0.3;1.9;2.3;0.03;0.16;0.19;0.03;0.19;Matches;6ca5ec4b
199;Daniel James;wls WAL;MF;Fulham;24-350;1997;6;3;260;2.9;0;0;0;0;0;0;0;0.00;0.00;0.00;0.00;0.00;0.6;0.6;0.3;0.9;0.20;0.10;0.29;0.20;0.29;Matches;c931d9f9
200;Daniel James;wls WAL;MF;Leeds United;24-350;1997;4;2;198;2.2;0;0;0;0;0;0;0;0.00;0.00;0.00;0.00;0.00;0.3;0.3;0.3;0.6;0.12;0.15;0.27;0.12;0.27;Matches;c931d9f9
201;Reece James;eng ENG;DFMF;Chelsea;22-322;1999;7;6;559;6.2;1;1;1;0;0;3;0;0.16;0.16;0.32;0.16;0.32;0.7;0.7;1.6;2.2;0.11;0.25;0.36;0.11;0.36;Matches;1265a93a
202;Vitaly Janelt;de GER;MFDF;Brentford;24-169;1998;12;8;794;8.8;1;1;1;0;0;0;0;0.11;0.11;0.23;0.11;0.23;1.0;1.0;0.6;1.6;0.11;0.07;0.18;0.11;0.18;Matches;8449d35e
203;Pontus Jansson;se SWE;DF;Brentford;31-255;1991;6;6;514;5.7;0;0;0;0;0;0;0;0.00;0.00;0.00;0.00;0.00;0.0;0.0;0.0;0.0;0.00;0.00;0.00;0.00;0.00;Matches;172e52d8
204;Mathias Jensen;dk DEN;MF;Brentford;26-298;1996;12;12;916;10.2;1;2;1;0;0;1;0;0.10;0.20;0.29;0.10;0.29;0.5;0.5;1.5;1.9;0.05;0.15;0.19;0.05;0.19;Matches;0f134faf
205;Gabriel Jesus;br BRA;FW;Arsenal;25-206;1997;11;11;949;10.5;5;3;5;0;0;4;0;0.47;0.28;0.76;0.47;0.76;6.1;6.1;2.0;8.1;0.58;0.19;0.77;0.58;0.77;Matches;b66315ae
206;Raúl Jiménez;mx MEX;FW;Wolves;31-174;1991;3;2;212;2.4;0;0;0;0;0;0;0;0.00;0.00;0.00;0.00;0.00;0.8;0.8;0.4;1.2;0.33;0.19;0.51;0.33;0.51;Matches;b561db50
207;Joelinton;br BRA;MFFW;Newcastle Utd;26-073;1996;11;10;880;9.8;0;1;0;0;0;4;0;0.00;0.10;0.10;0.00;0.10;1.5;1.5;0.6;2.0;0.15;0.06;0.21;0.15;0.21;Matches;c17bfb65
208;Ben Johnson;eng ENG;DF;West Ham;22-275;2000;7;6;488;5.4;0;0;0;0;0;0;0;0.00;0.00;0.00;0.00;0.00;0.0;0.0;0.1;0.1;0.00;0.03;0.03;0.00;0.03;Matches;9319781b
209;Brennan Johnson;wls WAL;FWMF;Nott'ham Forest;21-156;2001;12;11;972;10.8;2;0;1;1;2;2;0;0.19;0.00;0.19;0.09;0.09;2.6;1.0;0.5;1.6;0.24;0.05;0.29;0.09;0.14;Matches;0cd31129
210;Curtis Jones;eng ENG;MFFW;Liverpool;21-269;2001;2;1;124;1.4;0;0;0;0;0;0;0;0.00;0.00;0.00;0.00;0.00;0.1;0.1;0.1;0.2;0.09;0.07;0.16;0.09;0.16;Matches;4fb9c88f
211;Mathias Jørgensen;dk DEN;DF;Brentford;32-186;1990;6;4;357;4.0;0;0;0;0;0;0;0;0.00;0.00;0.00;0.00;0.00;0.4;0.4;0.1;0.5;0.10;0.01;0.12;0.10;0.12;Matches;0db5d2c8
212;Jorginho;it ITA;MF;Chelsea;30-310;1991;11;9;723;8.0;2;0;0;2;2;2;0;0.25;0.00;0.25;0.00;0.00;1.7;0.1;0.2;0.3;0.21;0.03;0.24;0.01;0.04;Matches;45db685d
213;Diogo Jota;pt POR;MFFW;Liverpool;25-326;1996;4;2;196;2.2;0;1;0;0;0;1;0;0.00;0.46;0.46;0.00;0.46;0.8;0.8;0.8;1.6;0.35;0.38;0.73;0.35;0.73;Matches;178ae8f8
214;James Justin;eng ENG;DF;Leicester City;24-245;1998;12;12;1072;11.9;0;0;0;0;0;0;0;0.00;0.00;0.00;0.00;0.00;0.3;0.3;0.3;0.6;0.02;0.03;0.05;0.02;0.05;Matches;fb614c44
215;Sasa Kalajdzic;at AUT;FW;Wolves;25-111;1997;1;1;45;0.5;0;0;0;0;0;0;0;0.00;0.00;0.00;0.00;0.00;0.3;0.3;0.0;0.3;0.53;0.00;0.53;0.53;0.53;Matches;15f24fe7
216;Boubacar Kamara;fr FRA;MF;Aston Villa;22-337;1999;7;7;566;6.3;0;0;0;0;0;1;0;0.00;0.00;0.00;0.00;0.00;0.0;0.0;0.1;0.1;0.00;0.01;0.02;0.00;0.02;Matches;cc77354e
217;Harry Kane;eng ENG;FW;Tottenham;29-090;1993;12;12;1065;11.8;10;1;8;2;3;3;0;0.85;0.08;0.93;0.68;0.76;8.5;6.2;2.2;8.4;0.72;0.19;0.91;0.52;0.71;Matches;21a66f6a
218;N'Golo Kanté;fr FRA;MF;Chelsea;31-211;1991;2;2;174;1.9;0;0;0;0;0;0;0;0.00;0.00;0.00;0.00;0.00;0.1;0.1;0.3;0.4;0.05;0.13;0.18;0.05;0.18;Matches;b9fbae28
219;Michael Keane;eng ENG;DF;Everton;29-288;1993;1;0;23;0.3;0;0;0;0;0;0;0;0.00;0.00;0.00;0.00;0.00;0.0;0.0;0.0;0.0;0.00;0.00;0.00;0.00;0.00;Matches;c5b7c315
220;Neeskens Kebano;cd COD;MF;Fulham;30-230;1992;11;8;647;7.2;0;3;0;0;0;0;0;0.00;0.42;0.42;0.00;0.42;0.4;0.4;1.3;1.7;0.06;0.18;0.24;0.06;0.24;Matches;18b999f4
221;Thilo Kehrer;de GER;DF;West Ham;26-035;1996;10;10;900;10.0;0;0;0;0;0;3;0;0.00;0.00;0.00;0.00;0.00;0.3;0.3;0.2;0.5;0.03;0.02;0.05;0.03;0.05;Matches;51dbeea9
222;Lloyd Kelly;eng ENG;DF;Bournemouth;24-020;1998;5;5;450;5.0;0;2;0;0;0;0;0;0.00;0.40;0.40;0.00;0.40;0.0;0.0;0.1;0.1;0.00;0.03;0.03;0.00;0.03;Matches;f31def1e
223;Max Kilman;eng ENG;DF;Wolves;25-156;1997;12;12;1080;12.0;0;0;0;0;0;0;0;0.00;0.00;0.00;0.00;0.00;0.5;0.5;0.0;0.5;0.04;0.00;0.04;0.04;0.04;Matches;d0f72bf1
224;Mateusz Klich;pl POL;MFFW;Leeds United;32-135;1990;11;0;199;2.2;0;0;0;0;0;1;0;0.00;0.00;0.00;0.00;0.00;0.1;0.1;0.2;0.3;0.06;0.09;0.15;0.06;0.15;Matches;282679b4
225;Robin Koch;de GER;DF;Leeds United;26-101;1996;11;11;945;10.5;0;0;0;0;0;3;0;0.00;0.00;0.00;0.00;0.00;0.1;0.1;0.0;0.1;0.01;0.00;0.01;0.01;0.01;Matches;ea6bc03a
226;Ibrahima Konaté;fr FRA;DF;Liverpool;23-154;1999;1;0;22;0.2;0;0;0;0;0;0;0;0.00;0.00;0.00;0.00;0.00;0.0;0.0;0.0;0.0;0.00;0.00;0.00;0.00;0.00;Matches;5ed9b537
227;Ezri Konsa;eng ENG;DF;Aston Villa;25-003;1997;12;11;991;11.0;0;0;0;0;0;2;0;0.00;0.00;0.00;0.00;0.00;0.5;0.5;0.5;0.9;0.04;0.04;0.09;0.04;0.09;Matches;0313a347
228;Kalidou Koulibaly;sn SEN;DF;Chelsea;31-128;1991;8;7;652;7.2;1;0;1;0;0;3;1;0.14;0.00;0.14;0.14;0.14;0.3;0.3;0.2;0.5;0.04;0.02;0.06;0.04;0.06;Matches;da974c7b
229;Cheikhou Kouyaté;sn SEN;MFDF;Nott'ham Forest;32-309;1989;9;6;489;5.4;1;0;1;0;0;2;0;0.18;0.00;0.18;0.18;0.18;0.3;0.3;0.4;0.7;0.06;0.07;0.13;0.06;0.13;Matches;8d3c902d
230;Mateo Kovačić;hr CRO;MF;Chelsea;28-173;1994;8;3;442;4.9;0;1;0;0;0;1;0;0.00;0.20;0.20;0.00;0.20;0.2;0.2;0.5;0.7;0.05;0.10;0.15;0.05;0.15;Matches;79c0821a
231;Emil Krafth;se SWE;DF;Newcastle Utd;28-085;1994;1;0;1;0.0;0;0;0;0;0;0;0;0.00;0.00;0.00;0.00;0.00;0.0;0.0;0.0;0.0;0.00;0.00;0.00;0.00;0.00;Matches;77cf6852
232;Dejan Kulusevski;se SWE;MF;Tottenham;22-184;2000;7;6;499;5.5;1;3;1;0;0;0;0;0.18;0.54;0.72;0.18;0.72;0.8;0.8;1.6;2.3;0.14;0.28;0.42;0.14;0.42;Matches;df3cda47
233;Layvin Kurzawa;fr FRA;DF;Fulham;30-052;1992;1;1;44;0.5;0;0;0;0;0;0;0;0.00;0.00;0.00;0.00;0.00;0.0;0.0;0.0;0.0;0.00;0.00;0.00;0.00;0.00;Matches;41e7ef1c
234;Adam Lallana;eng ENG;MFFW;Brighton;34-169;1988;8;5;357;4.0;0;0;0;0;0;0;0;0.00;0.00;0.00;0.00;0.00;0.4;0.4;0.6;1.1;0.11;0.15;0.26;0.11;0.26;Matches;99813635
235;Tariq Lamptey;gh GHA;DFMF;Brighton;22-026;2000;9;0;160;1.8;0;0;0;0;0;1;0;0.00;0.00;0.00;0.00;0.00;0.0;0.0;0.0;0.0;0.00;0.01;0.01;0.00;0.01;Matches;f4e433d4
236;Manuel Lanzini;ar ARG;MF;West Ham;29-253;1993;4;1;99;1.1;0;0;0;0;0;0;0;0.00;0.00;0.00;0.00;0.00;0.1;0.1;0.0;0.1;0.05;0.00;0.05;0.05;0.05;Matches;26f6dca8
237;Aymeric Laporte;es ESP;DF;Manchester City;28-152;1994;2;1;106;1.2;0;0;0;0;0;0;0;0.00;0.00;0.00;0.00;0.00;0.1;0.1;0.0;0.1;0.11;0.00;0.11;0.11;0.11;Matches;119b9a8e
238;Juan Larios;es ESP;DF;Southampton;18-287;2004;4;1;119;1.3;0;0;0;0;0;0;0;0.00;0.00;0.00;0.00;0.00;0.0;0.0;0.0;0.0;0.00;0.00;0.00;0.00;0.00;Matches;cf7fb13a
239;Jamaal Lascelles;eng ENG;DF;Newcastle Utd;28-349;1993;3;1;99;1.1;0;0;0;0;0;1;0;0.00;0.00;0.00;0.00;0.00;0.0;0.0;0.0;0.0;0.00;0.00;0.00;0.00;0.00;Matches;450ab6fc
240;Roméo Lavia;be BEL;MF;Southampton;18-293;2004;5;5;419;4.7;1;0;1;0;0;1;0;0.21;0.00;0.21;0.21;0.21;0.2;0.2;0.1;0.3;0.04;0.03;0.07;0.04;0.07;Matches;ecad9aa5
241;Clément Lenglet;fr FRA;DF;Tottenham;27-131;1995;5;4;335;3.7;0;1;0;0;0;0;0;0.00;0.27;0.27;0.00;0.27;0.2;0.2;0.4;0.5;0.05;0.10;0.14;0.05;0.14;Matches;4f28a6ff
242;Bernd Leno;de GER;GK;Fulham;30-236;1992;10;10;900;10.0;0;0;0;0;0;0;0;0.00;0.00;0.00;0.00;0.00;0.0;0.0;0.0;0.0;0.00;0.00;0.00;0.00;0.00;Matches;2628fd2b
243;Jefferson Lerma;co COL;MFDF;Bournemouth;28-001;1994;12;12;1080;12.0;2;0;2;0;0;2;0;0.17;0.00;0.17;0.17;0.17;1.0;1.0;0.2;1.2;0.08;0.01;0.10;0.08;0.10;Matches;9b5ce51a
244;Jamal Lewis;nir NIR;DF;Newcastle Utd;24-274;1998;1;0;8;0.1;0;0;0;0;0;0;0;0.00;0.00;0.00;0.00;0.00;0.0;0.0;0.0;0.0;0.00;0.00;0.00;0.00;0.00;Matches;efb9215a
245;Rico Lewis;eng ENG;DFMF;Manchester City;17-339;2004;3;0;38;0.4;0;0;0;0;0;0;0;0.00;0.00;0.00;0.00;0.00;0.0;0.0;0.0;0.0;0.00;0.00;0.00;0.00;0.00;Matches;b57e066e
246;Keane Lewis-Potter;eng ENG;FWMF;Brentford;21-246;2001;5;2;212;2.4;0;1;0;0;0;0;0;0.00;0.42;0.42;0.00;0.42;0.4;0.4;0.8;1.2;0.18;0.35;0.53;0.18;0.53;Matches;41f08ac8
247;Victor Lindelöf;se SWE;DF;Manchester Utd;28-101;1994;3;1;172;1.9;0;0;0;0;0;0;0;0.00;0.00;0.00;0.00;0.00;0.0;0.0;0.0;0.0;0.00;0.00;0.00;0.00;0.00;Matches;f5deef4c
248;Jesse Lingard;eng ENG;MFFW;Nott'ham Forest;29-315;1992;10;8;662;7.4;0;0;0;0;0;1;0;0.00;0.00;0.00;0.00;0.00;0.6;0.6;0.4;1.0;0.09;0.05;0.14;0.09;0.14;Matches;810e3c74
249;Diego Llorente;es ESP;DF;Leeds United;29-071;1993;7;7;630;7.0;0;0;0;0;0;1;0;0.00;0.00;0.00;0.00;0.00;0.7;0.7;0.0;0.7;0.10;0.00;0.10;0.10;0.10;Matches;bba30585
250;Hugo Lloris;fr FRA;GK;Tottenham;35-304;1986;12;12;1080;12.0;0;0;0;0;0;0;0;0.00;0.00;0.00;0.00;0.00;0.0;0.0;0.0;0.0;0.00;0.00;0.00;0.00;0.00;Matches;8f62b6ee
251;Renan Lodi;br BRA;DF;Nott'ham Forest;24-201;1998;5;4;357;4.0;0;0;0;0;0;1;0;0.00;0.00;0.00;0.00;0.00;0.4;0.4;0.1;0.5;0.09;0.03;0.12;0.09;0.12;Matches;ed9f7cfe
252;Ruben Loftus-Cheek;eng ENG;MFDF;Chelsea;26-276;1996;11;9;781;8.7;0;0;0;0;0;1;0;0.00;0.00;0.00;0.00;0.00;0.8;0.8;0.7;1.5;0.09;0.08;0.17;0.09;0.17;Matches;e97fd090
253;Sean Longstaff;eng ENG;MF;Newcastle Utd;24-361;1997;12;8;786;8.7;1;2;1;0;0;1;0;0.11;0.23;0.34;0.11;0.34;0.5;0.5;1.7;2.3;0.06;0.20;0.26;0.06;0.26;Matches;a2b105e0
254;Jamal Lowe;jm JAM;FW;Bournemouth;28-097;1994;1;0;1;0.0;0;0;0;0;0;0;0;0.00;0.00;0.00;0.00;0.00;0.0;0.0;0.0;0.0;0.00;0.00;0.00;0.00;0.00;Matches;b2856bc0
255;Douglas Luiz;br BRA;MF;Aston Villa;24-170;1998;11;7;668;7.4;1;1;1;0;0;1;1;0.13;0.13;0.27;0.13;0.27;0.2;0.2;1.1;1.3;0.03;0.14;0.18;0.03;0.18;Matches;6f7d826d
256;Lyanco;br BRA;DF;Southampton;25-267;1997;5;1;127;1.4;0;0;0;0;0;1;0;0.00;0.00;0.00;0.00;0.00;0.1;0.1;0.0;0.1;0.05;0.00;0.05;0.05;0.05;Matches;b5bf1770
257;Alexis Mac Allister;ar ARG;MF;Brighton;23-306;1998;11;11;986;11.0;4;0;1;3;3;4;0;0.37;0.00;0.37;0.09;0.09;3.0;0.6;0.3;0.9;0.27;0.03;0.30;0.06;0.08;Matches;83d074ff
258;James Maddison;eng ENG;MFFW;Leicester City;25-337;1996;10;10;894;9.9;6;2;6;0;0;5;0;0.60;0.20;0.81;0.60;0.81;1.9;1.9;1.6;3.5;0.19;0.16;0.35;0.19;0.35;Matches;ee38d9c5
259;Harry Maguire;eng ENG;DF;Manchester Utd;29-235;1993;3;2;191;2.1;0;0;0;0;0;3;0;0.00;0.00;0.00;0.00;0.00;0.2;0.2;0.0;0.2;0.10;0.01;0.12;0.10;0.12;Matches;d8931174
260;Riyad Mahrez;dz ALG;MFFW;Manchester City;31-247;1991;9;4;372;4.1;1;0;1;0;0;1;0;0.24;0.00;0.24;0.24;0.24;1.2;1.2;0.5;1.7;0.30;0.12;0.41;0.30;0.41;Matches;892d5bb1
261;Ainsley Maitland-Niles;eng ENG;MF;Southampton;25-058;1997;4;3;245;2.7;0;0;0;0;0;2;0;0.00;0.00;0.00;0.00;0.00;0.0;0.0;0.0;0.0;0.00;0.00;0.00;0.00;0.00;Matches;e3a5814e
262;Tyrell Malacia;nl NED;DF;Manchester Utd;23-070;1999;7;5;451;5.0;0;0;0;0;0;2;0;0.00;0.00;0.00;0.00;0.00;0.0;0.0;0.0;0.0;0.01;0.00;0.01;0.01;0.01;Matches;6b6c793c
263;Orel Mangala;be BEL;MF;Nott'ham Forest;24-222;1998;7;3;267;3.0;0;0;0;0;0;0;0;0.00;0.00;0.00;0.00;0.00;0.2;0.2;0.0;0.2;0.06;0.02;0.08;0.06;0.08;Matches;a572e291
264;Sekou Mara;fr FRA;FWMF;Southampton;20-088;2002;8;2;209;2.3;0;1;0;0;0;0;0;0.00;0.43;0.43;0.00;0.43;0.7;0.7;0.5;1.2;0.28;0.21;0.50;0.28;0.50;Matches;3544641e
265;Solly March;eng ENG;DFMF;Brighton;28-098;1994;11;11;944;10.5;0;2;0;0;0;1;0;0.00;0.19;0.19;0.00;0.19;2.3;2.3;0.9;3.2;0.22;0.09;0.31;0.22;0.31;Matches;bb5fbd2b
266;Emiliano Marcondes;dk DEN;MF;Bournemouth;27-231;1995;1;0;9;0.1;0;0;0;0;0;0;0;0.00;0.00;0.00;0.00;0.00;0.0;0.0;0.0;0.0;0.00;0.00;0.00;0.00;0.00;Matches;4d960fc3
267;Marquinhos;br BRA;MF;Arsenal;19-202;2003;1;0;1;0.0;0;0;0;0;0;0;0;0.00;0.00;0.00;0.00;0.00;0.0;0.0;0.0;0.0;0.00;0.00;0.00;0.00;0.00;Matches;59878425
268;Anthony Martial;fr FRA;FW;Manchester Utd;26-325;1995;3;1;105;1.2;2;2;1;1;1;0;0;1.71;1.71;3.43;0.86;2.57;1.3;0.5;0.7;1.2;1.09;0.61;1.70;0.41;1.02;Matches;8b788c01
269;Martinelli;br BRA;MFFW;Arsenal;21-130;2001;11;11;940;10.4;4;2;4;0;0;1;0;0.38;0.19;0.57;0.38;0.57;2.5;2.5;3.0;5.5;0.24;0.28;0.53;0.24;0.53;Matches;48a5a5d6
270;Emiliano Martínez;ar ARG;GK;Aston Villa;30-054;1992;12;12;1080;12.0;0;0;0;0;0;0;0;0.00;0.00;0.00;0.00;0.00;0.0;0.0;0.1;0.1;0.00;0.01;0.01;0.00;0.01;Matches;7956236f
271;Lisandro Martínez;ar ARG;DF;Manchester Utd;24-281;1998;11;11;934;10.4;0;0;0;0;0;3;0;0.00;0.00;0.00;0.00;0.00;0.1;0.1;0.0;0.1;0.01;0.00;0.01;0.01;0.01;Matches;bac46a10
272;Jean-Philippe Mateta;fr FRA;FW;Crystal Palace;25-120;1997;10;2;251;2.8;1;0;1;0;0;2;0;0.36;0.00;0.36;0.36;0.36;1.2;1.2;0.5;1.7;0.42;0.18;0.60;0.42;0.60;Matches;50e6dc35
273;Joël Matip;cm CMR;DF;Liverpool;31-079;1991;4;3;259;2.9;0;0;0;0;0;0;0;0.00;0.00;0.00;0.00;0.00;0.0;0.0;0.0;0.0;0.00;0.00;0.00;0.00;0.00;Matches;b217ef29
274;Neal Maupay;fr FRA;FW;Everton;26-073;1996;7;5;445;4.9;1;0;1;0;0;1;0;0.20;0.00;0.20;0.20;0.20;1.6;1.6;0.4;2.1;0.33;0.09;0.42;0.33;0.42;Matches;4bcf39f6
275;Kevin Mbabu;ch SUI;DF;Fulham;27-190;1995;5;1;133;1.5;0;1;0;0;0;1;0;0.00;0.68;0.68;0.00;0.68;0.0;0.0;0.4;0.4;0.00;0.27;0.27;0.00;0.27;Matches;493924a7
276;Bryan Mbeumo;cm CMR;FW;Brentford;23-080;1999;12;12;885;9.8;2;0;2;0;0;0;0;0.20;0.00;0.20;0.20;0.20;2.5;2.5;1.1;3.6;0.26;0.11;0.36;0.26;0.36;Matches;6afaebf2
277;John McGinn;sct SCO;MF;Aston Villa;28-008;1994;12;11;923;10.3;0;0;0;0;0;3;0;0.00;0.00;0.00;0.00;0.00;1.0;1.0;0.7;1.8;0.10;0.07;0.17;0.10;0.17;Matches;90f91999
278;Scott McKenna;sct SCO;DF;Nott'ham Forest;25-348;1996;12;12;1080;12.0;0;0;0;0;0;4;0;0.00;0.00;0.00;0.00;0.00;0.1;0.1;0.8;0.8;0.01;0.06;0.07;0.01;0.07;Matches;4e5a4cbc
279;Dwight McNeil;eng ENG;FWMF;Everton;22-338;1999;12;6;575;6.4;2;0;2;0;0;2;0;0.31;0.00;0.31;0.31;0.31;0.5;0.5;1.1;1.6;0.09;0.17;0.25;0.09;0.25;Matches;fc15fb84
280;Scott McTominay;sct SCO;MF;Manchester Utd;25-322;1996;10;6;574;6.4;0;0;0;0;0;5;0;0.00;0.00;0.00;0.00;0.00;0.4;0.4;0.0;0.4;0.06;0.00;0.06;0.06;0.06;Matches;d93c2511
281;Ben Mee;eng ENG;DF;Brentford;33-035;1989;11;11;938;10.4;1;0;1;0;0;1;0;0.10;0.00;0.10;0.10;0.10;1.0;1.0;0.0;1.0;0.10;0.00;0.10;0.10;0.10;Matches;8df7a2fb
282;Edouard Mendy;sn SEN;GK;Chelsea;30-239;1992;6;6;540;6.0;0;0;0;0;0;1;0;0.00;0.00;0.00;0.00;0.00;0.0;0.0;0.0;0.0;0.00;0.00;0.00;0.00;0.00;Matches;33887998
283;Nampalys Mendy;sn SEN;MF;Leicester City;30-125;1992;3;0;83;0.9;0;0;0;0;0;0;0;0.00;0.00;0.00;0.00;0.00;0.0;0.0;0.0;0.0;0.00;0.00;0.00;0.00;0.00;Matches;1598599e
284;Chris Mepham;wls WAL;DF;Bournemouth;24-355;1997;12;12;1071;11.9;0;0;0;0;0;4;0;0.00;0.00;0.00;0.00;0.00;0.2;0.2;0.0;0.2;0.02;0.00;0.02;0.02;0.02;Matches;fed96827
285;Illan Meslier;fr FRA;GK;Leeds United;22-238;2000;11;11;990;11.0;0;0;0;0;0;0;0;0.00;0.00;0.00;0.00;0.00;0.0;0.0;0.0;0.0;0.00;0.00;0.00;0.00;0.00;Matches;6b625ac2
286;Alexander Mighten;eng ENG;MF;Nott'ham Forest;20-198;2002;1;0;8;0.1;0;0;0;0;0;0;0;0.00;0.00;0.00;0.00;0.00;0.0;0.0;0.0;0.0;0.00;0.00;0.00;0.00;0.00;Matches;10ec4169
287;Luka Milivojević;rs SRB;MF;Crystal Palace;31-202;1991;7;1;175;1.9;0;0;0;0;0;0;0;0.00;0.00;0.00;0.00;0.00;0.1;0.1;0.0;0.1;0.04;0.00;0.04;0.04;0.04;Matches;2ce2508a
288;James Milner;eng ENG;DFMF;Liverpool;36-295;1986;10;4;434;4.8;0;1;0;0;0;0;0;0.00;0.21;0.21;0.00;0.21;0.3;0.3;0.7;1.0;0.07;0.14;0.21;0.07;0.21;Matches;2f90f6b8
289;Yerry Mina;co COL;DF;Everton;28-033;1994;1;1;69;0.8;0;0;0;0;0;1;0;0.00;0.00;0.00;0.00;0.00;0.0;0.0;0.0;0.0;0.00;0.00;0.00;0.00;0.00;Matches;6d5701f2
290;Tyrone Mings;eng ENG;DF;Aston Villa;29-227;1993;10;10;900;10.0;0;0;0;0;0;1;0;0.00;0.00;0.00;0.00;0.00;0.0;0.0;0.1;0.1;0.00;0.01;0.01;0.00;0.01;Matches;8397a50c
291;Tyrick Mitchell;eng ENG;DF;Crystal Palace;23-055;1999;11;9;738;8.2;0;1;0;0;0;0;0;0.00;0.12;0.12;0.00;0.12;0.0;0.0;0.4;0.4;0.00;0.05;0.05;0.00;0.05;Matches;5cbd1eb0
292;Kaoru Mitoma;jp JPN;MFDF;Brighton;25-159;1997;7;0;153;1.7;0;0;0;0;0;0;0;0.00;0.00;0.00;0.00;0.00;0.0;0.0;1.0;1.0;0.03;0.58;0.61;0.03;0.61;Matches;74618572
293;Aleksandar Mitrović;rs SRB;FW;Fulham;28-040;1994;11;11;927;10.3;9;0;6;3;4;3;0;0.87;0.00;0.87;0.58;0.58;7.2;4.1;1.3;5.4;0.70;0.12;0.82;0.40;0.52;Matches;3925dbd6
294;Kieffer Moore;wls WAL;FW;Bournemouth;30-079;1992;12;5;503;5.6;1;0;1;0;0;0;0;0.18;0.00;0.18;0.18;0.18;0.3;0.3;0.3;0.5;0.05;0.04;0.10;0.05;0.10;Matches;01ce9e70
295;Mason Mount;eng ENG;MF;Chelsea;23-289;1999;11;10;791;8.8;2;2;2;0;0;2;0;0.23;0.23;0.46;0.23;0.46;1.6;1.6;1.4;3.0;0.18;0.16;0.34;0.18;0.34;Matches;9674002f
296;Lucas Moura;br BRA;MFDF;Tottenham;30-074;1992;5;0;49;0.5;0;0;0;0;0;0;0;0.00;0.00;0.00;0.00;0.00;0.0;0.0;0.0;0.0;0.00;0.00;0.00;0.00;0.00;Matches;2b622f01
297;João Moutinho;pt POR;MF;Wolves;36-048;1986;10;9;790;8.8;0;0;0;0;0;2;0;0.00;0.00;0.00;0.00;0.00;0.7;0.7;1.2;1.9;0.08;0.14;0.22;0.08;0.22;Matches;f5a00fa4
298;Jacob Murphy;eng ENG;FW;Newcastle Utd;27-244;1995;12;4;400;4.4;1;0;1;0;0;0;0;0.23;0.00;0.23;0.23;0.23;0.7;0.7;0.4;1.1;0.16;0.09;0.25;0.16;0.25;Matches;de112b84
299;Enock Mwepu;zm ZAM;FWMF;Brighton;24-298;1998;6;2;213;2.4;0;1;0;0;0;0;0;0.00;0.42;0.42;0.00;0.42;0.2;0.2;0.5;0.7;0.09;0.20;0.29;0.09;0.29;Matches;1d5cab82
300;Vitaliy Mykolenko;ua UKR;DFMF;Everton;23-150;1999;12;12;1075;11.9;0;0;0;0;0;2;0;0.00;0.00;0.00;0.00;0.00;0.4;0.4;0.4;0.7;0.03;0.03;0.06;0.03;0.06;Matches;30d4a2e5
301;Wilfred Ndidi;ng NGA;MFDF;Leicester City;25-314;1996;8;7;581;6.5;0;0;0;0;0;1;0;0.00;0.00;0.00;0.00;0.00;0.1;0.1;0.0;0.1;0.01;0.00;0.01;0.01;0.01;Matches;6b47c5db
302;Neto;br BRA;GK;Bournemouth;33-099;1989;8;8;675;7.5;0;0;0;0;0;2;0;0.00;0.00;0.00;0.00;0.00;0.0;0.0;0.0;0.0;0.00;0.00;0.00;0.00;0.00;Matches;a9dc785c
303;Pedro Neto;pt POR;FWMF;Wolves;22-231;2000;8;8;599;6.7;0;0;0;0;0;1;0;0.00;0.00;0.00;0.00;0.00;0.7;0.7;1.2;1.9;0.10;0.18;0.28;0.10;0.28;Matches;7ba2eaa9
304;Rúben Neves;pt POR;MFDF;Wolves;25-227;1997;11;11;990;11.0;2;0;1;1;1;5;0;0.18;0.00;0.18;0.09;0.09;1.3;0.5;0.2;0.7;0.12;0.02;0.14;0.05;0.07;Matches;44bfb6c5
305;Moussa Niakhate;fr FRA;DF;Nott'ham Forest;26-232;1996;2;2;160;1.8;0;0;0;0;0;0;0;0.00;0.00;0.00;0.00;0.00;0.3;0.3;0.0;0.3;0.15;0.00;0.15;0.15;0.15;Matches;00242715
306;Rasmus Nissen;dk DEN;DF;Leeds United;25-107;1997;9;9;780;8.7;0;0;0;0;0;3;0;0.00;0.00;0.00;0.00;0.00;0.1;0.1;0.5;0.6;0.02;0.06;0.07;0.02;0.07;Matches;39769cff
307;Eddie Nketiah;eng ENG;FWMF;Arsenal;23-149;1999;11;0;136;1.5;0;0;0;0;0;0;0;0.00;0.00;0.00;0.00;0.00;0.6;0.6;0.1;0.8;0.43;0.08;0.51;0.43;0.51;Matches;a53649b7
308;Christian Nørgaard;dk DEN;MF;Brentford;28-230;1994;4;4;309;3.4;1;0;1;0;0;0;0;0.29;0.00;0.29;0.29;0.29;0.4;0.4;0.1;0.5;0.12;0.03;0.14;0.12;0.14;Matches;df0a4c90
309;Matheus Nunes;pt POR;MF;Wolves;24-060;1998;10;10;806;9.0;0;1;0;0;0;1;0;0.00;0.11;0.11;0.00;0.11;1.1;1.1;0.8;1.9;0.12;0.09;0.21;0.12;0.21;Matches;e6af02e0
310;Darwin Núñez;uy URU;FW;Liverpool;23-124;1999;7;4;342;3.8;3;1;3;0;0;0;1;0.79;0.26;1.05;0.79;1.05;3.1;3.1;1.1;4.2;0.83;0.29;1.11;0.83;1.11;Matches;4d77b365
311;Ethan Nwaneri;eng ENG;MF;Arsenal;15-219;2007;1;0;1;0.0;0;0;0;0;0;0;0;0.00;0.00;0.00;0.00;0.00;0.0;0.0;0.0;0.0;0.00;0.00;0.00;0.00;0.00;Matches;7f94982c
312;Lewis O'Brien;eng ENG;MF;Nott'ham Forest;24-012;1998;8;6;485;5.4;1;0;1;0;0;2;0;0.19;0.00;0.19;0.19;0.19;0.3;0.3;0.2;0.5;0.05;0.04;0.09;0.05;0.09;Matches;089667a5
313;Martin Ødegaard;no NOR;MF;Arsenal;23-313;1998;10;10;808;9.0;3;2;3;0;0;2;0;0.33;0.22;0.56;0.33;0.56;2.3;2.3;1.7;4.1;0.26;0.19;0.45;0.26;0.45;Matches;79300479
314;Angelo Ogbonna;it ITA;DF;West Ham;34-156;1988;2;0;27;0.3;0;0;0;0;0;0;0;0.00;0.00;0.00;0.00;0.00;0.0;0.0;0.1;0.1;0.00;0.39;0.39;0.00;0.39;Matches;74b2cd7e
315;Michael Olise;fr FRA;MFFW;Crystal Palace;20-318;2001;10;5;489;5.4;0;2;0;0;0;1;0;0.00;0.37;0.37;0.00;0.37;0.5;0.5;1.3;1.8;0.10;0.24;0.33;0.10;0.33;Matches;c4486bac
316;Amadou Onana;be BEL;MF;Everton;21-071;2001;11;9;811;9.0;0;1;0;0;0;3;0;0.00;0.11;0.11;0.00;0.11;1.6;1.6;0.9;2.5;0.17;0.10;0.27;0.17;0.27;Matches;828657ff
317;Josh Onomah;eng ENG;MF;Fulham;25-182;1997;1;0;14;0.2;0;0;0;0;0;0;0;0.00;0.00;0.00;0.00;0.00;0.0;0.0;0.0;0.0;0.00;0.00;0.00;0.00;0.00;Matches;6612cd8c
318;Frank Onyeka;ng NGA;MF;Brentford;24-298;1998;9;3;303;3.4;0;1;0;0;0;0;0;0.00;0.30;0.30;0.00;0.30;0.3;0.3;0.5;0.7;0.07;0.14;0.21;0.07;0.21;Matches;2944f86f
319;Alex Oxlade-Chamberlain;eng ENG;FW;Liverpool;29-072;1993;1;0;15;0.2;0;0;0;0;0;0;0;0.00;0.00;0.00;0.00;0.00;0.0;0.0;0.0;0.0;0.00;0.00;0.00;0.00;0.00;Matches;38c7feef
320;João Palhinha;pt POR;MF;Fulham;27-109;1995;11;11;981;10.9;2;0;2;0;0;5;0;0.18;0.00;0.18;0.18;0.18;0.7;0.7;0.0;0.7;0.07;0.00;0.07;0.07;0.07;Matches;a78ff07f
321;Cole Palmer;eng ENG;MF;Manchester City;20-173;2002;7;0;106;1.2;0;0;0;0;0;0;0;0.00;0.00;0.00;0.00;0.00;0.1;0.1;0.1;0.2;0.06;0.07;0.14;0.06;0.14;Matches;dc7f8a28
322;Emerson Palmieri;it ITA;DFMF;West Ham;28-084;1994;7;3;224;2.5;0;0;0;0;0;1;0;0.00;0.00;0.00;0.00;0.00;0.1;0.1;0.0;0.1;0.02;0.01;0.03;0.02;0.03;Matches;e0bc6fdc
323;Lucas Paquetá;br BRA;MFFW;West Ham;25-060;1997;6;5;408;4.5;0;1;0;0;0;1;0;0.00;0.22;0.22;0.00;0.22;0.9;0.9;0.6;1.5;0.19;0.13;0.32;0.19;0.32;Matches;9b6f7fd5
324;Thomas Partey;gh GHA;MF;Arsenal;29-135;1993;8;8;689;7.7;1;0;1;0;0;0;0;0.13;0.00;0.13;0.13;0.13;0.5;0.5;0.3;0.9;0.07;0.04;0.11;0.07;0.11;Matches;529f49ab
325;Nathan Patterson;sct SCO;DFMF;Everton;21-010;2001;7;7;630;7.0;0;0;0;0;0;1;0;0.00;0.00;0.00;0.00;0.00;0.4;0.4;0.3;0.7;0.05;0.04;0.09;0.05;0.09;Matches;230f0471
326;Ben Pearson;eng ENG;MF;Bournemouth;27-295;1995;4;3;211;2.3;0;0;0;0;0;1;0;0.00;0.00;0.00;0.00;0.00;0.0;0.0;0.0;0.0;0.01;0.00;0.01;0.01;0.01;Matches;a6b461e7
327;Andreas Pereira;br BRA;MF;Fulham;26-298;1996;12;12;988;11.0;1;4;1;0;0;2;0;0.09;0.36;0.46;0.09;0.46;1.4;1.4;2.2;3.6;0.13;0.20;0.32;0.13;0.32;Matches;6639e500
328;Ayoze Pérez;es ESP;MF;Leicester City;29-089;1993;4;1;126;1.4;0;0;0;0;0;0;0;0.00;0.00;0.00;0.00;0.00;0.4;0.4;0.6;1.0;0.25;0.46;0.71;0.25;0.71;Matches;819aa8e7
329;Ivan Perišić;hr CRO;DF;Tottenham;33-266;1989;12;7;625;6.9;0;3;0;0;0;2;0;0.00;0.43;0.43;0.00;0.43;0.4;0.4;2.2;2.7;0.06;0.32;0.38;0.06;0.38;Matches;6fe90922
330;Romain Perraud;fr FRA;DF;Southampton;25-034;1997;10;7;598;6.6;1;2;1;0;0;1;0;0.15;0.30;0.45;0.15;0.45;0.4;0.4;1.4;1.7;0.05;0.21;0.26;0.05;0.26;Matches;6dfd8f05
331;Kalvin Phillips;eng ENG;MF;Manchester City;26-328;1995;1;0;2;0.0;0;0;0;0;0;0;0;0.00;0.00;0.00;0.00;0.00;0.0;0.0;0.0;0.0;0.00;0.00;0.00;0.00;0.00;Matches;4f565d77
332;Nathaniel Phillips;eng ENG;DF;Liverpool;25-219;1997;1;1;62;0.7;0;0;0;0;0;0;0;0.00;0.00;0.00;0.00;0.00;0.0;0.0;0.0;0.0;0.06;0.00;0.06;0.06;0.06;Matches;515ebe8d
333;Jordan Pickford;eng ENG;GK;Everton;28-233;1994;11;11;990;11.0;0;1;0;0;0;3;0;0.00;0.09;0.09;0.00;0.09;0.0;0.0;0.1;0.1;0.00;0.01;0.01;0.00;0.01;Matches;4806ec67
334;Ethan Pinnock;jm JAM;DF;Brentford;29-150;1993;4;4;360;4.0;0;0;0;0;0;0;0;0.00;0.00;0.00;0.00;0.00;0.1;0.1;0.0;0.1;0.03;0.00;0.03;0.03;0.03;Matches;e541326e
335;Daniel Podence;pt POR;MFFW;Wolves;27-005;1995;12;10;862;9.6;2;0;2;0;0;2;0;0.21;0.00;0.21;0.21;0.21;1.6;1.6;1.4;3.0;0.17;0.14;0.31;0.17;0.31;Matches;7fcc71d8
336;Nick Pope;eng ENG;GK;Newcastle Utd;30-190;1992;12;12;1080;12.0;0;0;0;0;0;1;0;0.00;0.00;0.00;0.00;0.00;0.0;0.0;0.0;0.0;0.00;0.00;0.00;0.00;0.00;Matches;4b40d9ca
337;Dennis Praet;be BEL;MF;Leicester City;28-165;1994;6;2;200;2.2;0;0;0;0;0;1;0;0.00;0.00;0.00;0.00;0.00;0.2;0.2;0.0;0.2;0.10;0.00;0.10;0.10;0.10;Matches;86695068
338;Christian Pulisic;us USA;FWMF;Chelsea;24-038;1998;10;2;285;3.2;1;1;1;0;0;1;0;0.32;0.32;0.63;0.32;0.63;0.6;0.6;0.4;1.0;0.19;0.12;0.31;0.19;0.31;Matches;1bf33a9a
339;Aaron Ramsdale;eng ENG;GK;Arsenal;24-165;1998;11;11;990;11.0;0;0;0;0;0;0;0;0.00;0.00;0.00;0.00;0.00;0.0;0.0;0.0;0.0;0.00;0.00;0.00;0.00;0.00;Matches;466fb2c5
340;Jacob Ramsey;eng ENG;MF;Aston Villa;21-151;2001;12;10;833;9.3;1;1;1;0;0;4;0;0.11;0.11;0.22;0.11;0.22;0.8;0.8;1.0;1.8;0.09;0.11;0.19;0.09;0.19;Matches;1544f145
341;Marcus Rashford;eng ENG;FWMF;Manchester Utd;24-360;1997;11;10;856;9.5;3;2;3;0;0;1;0;0.32;0.21;0.53;0.32;0.53;3.3;3.3;1.9;5.2;0.34;0.20;0.55;0.34;0.55;Matches;a1d5bd30
342;David Raya;es ESP;GK;Brentford;27-041;1995;12;12;1080;12.0;0;0;0;0;0;0;0;0.00;0.00;0.00;0.00;0.00;0.0;0.0;0.0;0.0;0.00;0.00;0.00;0.00;0.00;Matches;98ea5115
343;Tim Ream;us USA;DF;Fulham;35-021;1987;12;12;1077;12.0;0;0;0;0;0;1;0;0.00;0.00;0.00;0.00;0.00;0.0;0.0;0.0;0.0;0.00;0.00;0.00;0.00;0.00;Matches;28b40c9c
344;Nathan Redmond;eng ENG;DF;Southampton;28-234;1994;1;0;1;0.0;0;0;0;0;0;0;0;0.00;0.00;0.00;0.00;0.00;0.0;0.0;0.0;0.0;0.00;0.00;0.00;0.00;0.00;Matches;ab651565
345;Harrison Reed;eng ENG;MF;Fulham;27-272;1995;12;12;995;11.1;2;1;2;0;0;4;0;0.18;0.09;0.27;0.18;0.27;0.8;0.8;1.3;2.1;0.07;0.11;0.19;0.07;0.19;Matches;803ae100
346;Bobby Reid;jm JAM;MFDF;Fulham;29-266;1993;12;12;1046;11.6;3;1;3;0;0;4;0;0.26;0.09;0.34;0.26;0.34;2.2;2.2;0.5;2.7;0.19;0.04;0.23;0.19;0.23;Matches;0f7533cd
347;Declan Rice;eng ENG;MF;West Ham;23-285;1999;12;12;1080;12.0;1;1;1;0;1;2;0;0.08;0.08;0.17;0.08;0.17;1.1;0.3;1.7;2.1;0.09;0.14;0.24;0.03;0.17;Matches;1c7012b8
348;Chris Richards;us USA;DF;Crystal Palace;22-212;2000;3;0;47;0.5;0;0;0;0;0;0;0;0.00;0.00;0.00;0.00;0.00;0.1;0.1;0.3;0.3;0.14;0.49;0.63;0.14;0.63;Matches;0a3d6d2b
349;Richarlison;br BRA;MFFW;Tottenham;25-169;1997;9;4;371;4.1;0;2;0;0;0;2;0;0.00;0.49;0.49;0.00;0.49;1.5;1.5;1.2;2.7;0.36;0.29;0.65;0.36;0.65;Matches;fa031b34
350;Jaïro Riedewald;nl NED;DFMF;Crystal Palace;26-047;1996;2;0;36;0.4;0;0;0;0;0;0;0;0.00;0.00;0.00;0.00;0.00;0.0;0.0;0.0;0.0;0.00;0.00;0.00;0.00;0.00;Matches;7a1f2c08
351;Matt Ritchie;sct SCO;FW;Newcastle Utd;33-046;1989;1;0;1;0.0;0;0;0;0;0;0;0;0.00;0.00;0.00;0.00;0.00;0.0;0.0;0.0;0.0;0.00;0.00;0.00;0.00;0.00;Matches;71ef519e
352;Andrew Robertson;sct SCO;DF;Liverpool;28-229;1994;9;7;596;6.6;0;1;0;0;0;0;0;0.00;0.15;0.15;0.00;0.15;0.3;0.3;1.3;1.5;0.04;0.19;0.23;0.04;0.23;Matches;2e4f5f03
353;Antonee Robinson;us USA;DF;Fulham;25-079;1997;10;10;838;9.3;0;0;0;0;0;3;0;0.00;0.00;0.00;0.00;0.00;0.0;0.0;0.2;0.2;0.00;0.02;0.02;0.00;0.02;Matches;289601e6
354;Marc Roca;es ESP;MF;Leeds United;25-334;1996;11;11;810;9.0;1;0;1;0;0;2;0;0.11;0.00;0.11;0.11;0.11;0.8;0.8;0.3;1.1;0.09;0.04;0.12;0.09;0.12;Matches;da27e268
355;Marek Rodák;sk SVK;GK;Fulham;25-317;1996;2;2;180;2.0;0;0;0;0;0;0;0;0.00;0.00;0.00;0.00;0.00;0.0;0.0;0.0;0.0;0.00;0.00;0.00;0.00;0.00;Matches;17acc2ed
356;Rodri;es ESP;MF;Manchester City;26-126;1996;10;10;852;9.5;0;3;0;0;0;1;0;0.00;0.32;0.32;0.00;0.32;0.6;0.6;0.7;1.3;0.07;0.07;0.14;0.07;0.14;Matches;6434f10d
357;Rodrigo;es ESP;FWMF;Leeds United;31-234;1991;10;9;667;7.4;5;1;5;0;0;1;0;0.67;0.13;0.81;0.67;0.81;3.3;3.3;1.0;4.3;0.45;0.14;0.59;0.45;0.59;Matches;1fb1c435
358;Mads Roerslev;dk DEN;DF;Brentford;23-124;1999;4;3;245;2.7;0;0;0;0;0;0;0;0.00;0.00;0.00;0.00;0.00;0.1;0.1;0.5;0.6;0.03;0.19;0.23;0.03;0.23;Matches;57c94db2
359;Cristian Romero;ar ARG;DF;Tottenham;24-182;1998;8;7;658;7.3;0;0;0;0;0;1;0;0.00;0.00;0.00;0.00;0.00;0.6;0.6;0.3;1.0;0.09;0.05;0.13;0.09;0.13;Matches;a3d94a58
360;Oriol Romeu;es ESP;MF;Southampton;31-032;1991;1;1;74;0.8;0;0;0;0;0;0;0;0.00;0.00;0.00;0.00;0.00;0.0;0.0;0.0;0.0;0.00;0.00;0.00;0.00;0.00;Matches;4b511457
361;Cristiano Ronaldo;pt POR;FW;Manchester Utd;37-263;1985;8;2;345;3.8;1;0;1;0;0;1;0;0.26;0.00;0.26;0.26;0.26;1.2;1.2;0.4;1.7;0.32;0.11;0.43;0.32;0.43;Matches;dea698d9
362;Salomón Rondón;ve VEN;FW;Everton;33-040;1989;7;1;109;1.2;0;0;0;0;0;0;0;0.00;0.00;0.00;0.00;0.00;0.8;0.8;0.2;1.0;0.66;0.13;0.79;0.66;0.79;Matches;b318a643
363;Joe Rothwell;eng ENG;MF;Bournemouth;27-288;1995;1;0;14;0.2;0;0;0;0;0;0;0;0.00;0.00;0.00;0.00;0.00;0.0;0.0;0.0;0.0;0.00;0.00;0.00;0.00;0.00;Matches;10a10454
364;José Sá;pt POR;GK;Wolves;29-282;1993;12;12;1080;12.0;0;0;0;0;0;0;0;0.00;0.00;0.00;0.00;0.00;0.0;0.0;0.0;0.0;0.00;0.00;0.00;0.00;0.00;Matches;903b6e8b
365;Allan Saint-Maximin;fr FRA;FW;Newcastle Utd;25-228;1997;5;4;355;3.9;1;2;1;0;0;1;0;0.25;0.51;0.76;0.25;0.76;0.8;0.8;1.1;2.0;0.21;0.29;0.50;0.21;0.50;Matches;2b16cb1a
366;Bukayo Saka;eng ENG;MFFW;Arsenal;21-051;2001;11;11;966;10.7;4;4;3;1;1;2;0;0.37;0.37;0.75;0.28;0.65;4.2;3.5;1.6;5.1;0.39;0.15;0.54;0.33;0.48;Matches;bc7dc64d
367;Mohamed Salah;eg EGY;FWMF;Liverpool;30-133;1992;11;11;967;10.7;3;3;3;0;0;0;0;0.28;0.28;0.56;0.28;0.56;4.7;4.7;2.0;6.8;0.44;0.19;0.63;0.44;0.63;Matches;e342ad68
368;William Saliba;fr FRA;DF;Arsenal;21-216;2001;11;11;990;11.0;2;1;2;0;0;4;0;0.18;0.09;0.27;0.18;0.27;0.3;0.3;0.8;1.2;0.03;0.07;0.11;0.03;0.11;Matches;972aeb2a
369;Mohammed Salisu;gh GHA;DF;Southampton;23-192;1999;11;11;990;11.0;0;0;0;0;0;2;0;0.00;0.00;0.00;0.00;0.00;0.3;0.3;0.0;0.4;0.03;0.00;0.03;0.03;0.03;Matches;0b33f6ad
370;Albert Sambi Lokonga;be BEL;MF;Arsenal;23-004;1999;6;2;198;2.2;0;0;0;0;0;0;0;0.00;0.00;0.00;0.00;0.00;0.0;0.0;0.0;0.0;0.00;0.01;0.01;0.00;0.01;Matches;1b4f1169
371;Davinson Sánchez;co COL;DF;Tottenham;26-136;1996;8;5;441;4.9;0;0;0;0;0;1;0;0.00;0.00;0.00;0.00;0.00;0.3;0.3;0.1;0.4;0.06;0.02;0.08;0.06;0.08;Matches;da7b447d
372;Robert Sánchez;es ESP;GK;Brighton;24-342;1997;11;11;990;11.0;0;0;0;0;0;0;0;0.00;0.00;0.00;0.00;0.00;0.0;0.0;0.0;0.0;0.00;0.00;0.00;0.00;0.00;Matches;6a713852
373;Jadon Sancho;eng ENG;MFFW;Manchester Utd;22-215;2000;10;10;714;7.9;2;1;2;0;0;0;0;0.25;0.13;0.38;0.25;0.38;1.6;1.6;0.8;2.5;0.21;0.11;0.31;0.21;0.31;Matches;dbf053da
374;Jeremy Sarmiento;ec ECU;MF;Brighton;20-132;2002;1;0;4;0.0;0;0;0;0;0;0;0;0.00;0.00;0.00;0.00;0.00;0.0;0.0;0.0;0.0;0.00;0.00;0.00;0.00;0.00;Matches;ac0d576d
375;Gianluca Scamacca;it ITA;FW;West Ham;23-298;1999;10;6;564;6.3;2;0;2;0;0;1;0;0.32;0.00;0.32;0.32;0.32;1.7;1.7;0.5;2.2;0.28;0.08;0.36;0.28;0.36;Matches;8790f988
376;Fabian Schär;ch SUI;DF;Newcastle Utd;30-310;1991;11;11;981;10.9;1;0;1;0;0;4;0;0.09;0.00;0.09;0.09;0.09;0.9;0.9;0.3;1.2;0.08;0.03;0.11;0.08;0.11;Matches;c8aa95da
377;Jeffrey Schlupp;gh GHA;MF;Crystal Palace;29-307;1992;11;9;824;9.2;0;0;0;0;0;2;0;0.00;0.00;0.00;0.00;0.00;0.7;0.7;0.2;0.9;0.08;0.02;0.10;0.08;0.10;Matches;3312f911
378;Nélson Semedo;pt POR;DF;Wolves;28-344;1993;10;5;474;5.3;0;0;0;0;0;2;0;0.00;0.00;0.00;0.00;0.00;0.0;0.0;0.1;0.2;0.01;0.03;0.04;0.01;0.04;Matches;d04b94db
379;Marcos Senesi;ar ARG;DF;Bournemouth;25-169;1997;9;8;672;7.5;0;0;0;0;0;0;0;0.00;0.00;0.00;0.00;0.00;0.1;0.1;0.1;0.2;0.02;0.01;0.03;0.02;0.03;Matches;35141f4c
380;Ryan Sessegnon;eng ENG;DF;Tottenham;22-161;2000;10;6;512;5.7;1;0;1;0;0;2;0;0.18;0.00;0.18;0.18;0.18;1.2;1.2;0.4;1.6;0.21;0.08;0.28;0.21;0.28;Matches;6aa3e78b
381;Luke Shaw;eng ENG;DF;Manchester Utd;27-106;1995;7;6;539;6.0;0;1;0;0;0;2;0;0.00;0.17;0.17;0.00;0.17;0.2;0.2;0.6;0.8;0.03;0.10;0.13;0.03;0.13;Matches;9c94165b
382;Jonjo Shelvey;eng ENG;MF;Newcastle Utd;30-241;1992;1;0;2;0.0;0;0;0;0;0;0;0;0.00;0.00;0.00;0.00;0.00;0.0;0.0;0.0;0.0;0.00;0.00;0.00;0.00;0.00;Matches;3727dd3c
383;Bernardo Silva;pt POR;MFFW;Manchester City;28-077;1994;11;9;798;8.9;2;5;2;0;0;0;0;0.23;0.56;0.79;0.23;0.79;1.1;1.1;1.3;2.5;0.13;0.15;0.28;0.13;0.28;Matches;3eb22ec9
384;Thiago Silva;br BRA;DF;Chelsea;38-034;1984;9;9;810;9.0;0;2;0;0;0;1;0;0.00;0.22;0.22;0.00;0.22;0.3;0.3;0.4;0.6;0.03;0.04;0.07;0.03;0.07;Matches;86e7deaf
385;Luis Sinisterra;co COL;MF;Leeds United;23-131;1999;9;6;453;5.0;2;0;2;0;0;3;1;0.40;0.00;0.40;0.40;0.40;1.5;1.5;0.2;1.7;0.29;0.04;0.34;0.29;0.34;Matches;8e16dd48
386;Oliver Skipp;eng ENG;MF;Tottenham;22-040;2000;5;1;85;0.9;0;0;0;0;0;1;0;0.00;0.00;0.00;0.00;0.00;0.0;0.0;0.2;0.2;0.00;0.24;0.24;0.00;0.24;Matches;6250083a
387;Adam Smith;eng ENG;DF;Bournemouth;31-180;1991;12;12;1035;11.5;0;0;0;0;0;4;0;0.00;0.00;0.00;0.00;0.00;0.4;0.4;0.1;0.5;0.04;0.01;0.05;0.04;0.05;Matches;20b104bc
388;Emile Smith Rowe;eng ENG;MF;Arsenal;22-090;2000;4;0;51;0.6;0;0;0;0;0;0;0;0.00;0.00;0.00;0.00;0.00;0.1;0.1;0.3;0.4;0.16;0.50;0.66;0.16;0.66;Matches;17695062
389;Dominic Solanke;eng ENG;FWMF;Bournemouth;25-042;1997;10;9;803;8.9;2;3;2;0;0;0;0;0.22;0.34;0.56;0.22;0.56;1.7;1.7;0.8;2.5;0.19;0.09;0.28;0.19;0.28;Matches;e77dc3b2
390;Manor Solomon;il ISR;MF;Fulham;23-094;1999;1;0;25;0.3;0;0;0;0;0;0;0;0.00;0.00;0.00;0.00;0.00;0.0;0.0;0.0;0.0;0.00;0.00;0.00;0.00;0.00;Matches;886f9aac
391;Tomáš Souček;cz CZE;MF;West Ham;27-241;1995;12;12;1080;12.0;1;1;1;0;0;0;0;0.08;0.08;0.17;0.08;0.17;2.2;2.2;0.6;2.9;0.19;0.05;0.24;0.19;0.24;Matches;6613c819
392;Boubakary Soumaré;fr FRA;MF;Leicester City;23-241;1999;9;7;531;5.9;0;0;0;0;0;3;0;0.00;0.00;0.00;0.00;0.00;0.0;0.0;0.1;0.1;0.01;0.01;0.01;0.01;0.01;Matches;ae59b359
393;Djed Spence;eng ENG;DFMF;Tottenham;22-078;2000;3;0;4;0.0;0;0;0;0;0;0;0;0.00;0.00;0.00;0.00;0.00;0.1;0.1;0.0;0.1;1.45;0.00;1.45;1.45;1.45;Matches;9bc9a519
394;Jack Stacey;eng ENG;DFMF;Bournemouth;26-203;1996;5;1;116;1.3;0;0;0;0;0;1;0;0.00;0.00;0.00;0.00;0.00;0.0;0.0;0.0;0.0;0.00;0.00;0.00;0.00;0.00;Matches;558807c0
395;Junior Stanislas;eng ENG;MF;Bournemouth;32-334;1989;3;0;58;0.6;0;0;0;0;0;0;0;0.00;0.00;0.00;0.00;0.00;0.0;0.0;0.1;0.2;0.06;0.20;0.26;0.06;0.26;Matches;6992791d
396;Jay Stansfield;eng ENG;MF;Fulham;19-336;2002;3;1;87;1.0;0;0;0;0;0;0;0;0.00;0.00;0.00;0.00;0.00;0.3;0.3;0.1;0.3;0.26;0.09;0.35;0.26;0.35;Matches;b2626673
397;Jack Stephens;eng ENG;MF;Bournemouth;28-272;1994;1;0;1;0.0;0;0;0;0;0;0;0;0.00;0.00;0.00;0.00;0.00;0.0;0.0;0.0;0.0;0.00;0.00;0.00;0.00;0.00;Matches;6adbc307
398;Jack Stephens;eng ENG;DF;Southampton;28-272;1994;2;0;46;0.5;0;0;0;0;0;0;0;0.00;0.00;0.00;0.00;0.00;0.0;0.0;0.0;0.0;0.00;0.00;0.00;0.00;0.00;Matches;6adbc307
399;Raheem Sterling;eng ENG;FWMF;Chelsea;27-322;1994;10;9;798;8.9;3;1;3;0;0;1;0;0.34;0.11;0.45;0.34;0.45;3.0;3.0;1.8;4.8;0.34;0.20;0.54;0.34;0.54;Matches;b400bde0
400;John Stones;eng ENG;DF;Manchester City;28-151;1994;6;5;461;5.1;0;2;0;0;0;1;0;0.00;0.39;0.39;0.00;0.39;0.2;0.2;1.1;1.3;0.05;0.21;0.26;0.05;0.26;Matches;5eecec3d
401;Pascal Struijk;nl NED;DF;Leeds United;23-076;1999;10;10;894;9.9;1;1;1;0;0;2;0;0.10;0.10;0.20;0.10;0.20;0.7;0.7;2.0;2.8;0.07;0.21;0.28;0.07;0.28;Matches;f4d296e4
402;Crysencio Summerville;nl NED;MF;Leeds United;20-361;2001;7;1;204;2.3;1;0;1;0;0;0;0;0.44;0.00;0.44;0.44;0.44;0.4;0.4;0.0;0.5;0.18;0.02;0.20;0.18;0.20;Matches;df04eb4b
403;Sam Surridge;eng ENG;FW;Nott'ham Forest;24-090;1998;6;1;125;1.4;0;0;0;0;0;1;0;0.00;0.00;0.00;0.00;0.00;0.2;0.2;0.1;0.2;0.12;0.04;0.16;0.12;0.16;Matches;b017b770
404;Matt Targett;eng ENG;DF;Newcastle Utd;27-038;1995;8;4;402;4.5;0;0;0;0;0;0;0;0.00;0.00;0.00;0.00;0.00;0.0;0.0;0.3;0.3;0.00;0.07;0.08;0.00;0.08;Matches;e514ab62
405;James Tarkowski;eng ENG;DF;Everton;29-341;1992;12;12;1080;12.0;0;0;0;0;0;2;0;0.00;0.00;0.00;0.00;0.00;0.6;0.6;0.6;1.2;0.05;0.05;0.10;0.05;0.10;Matches;15ea812b
406;Marcus Tavernier;eng ENG;MFDF;Bournemouth;23-218;1999;12;12;1037;11.5;0;0;0;0;0;1;0;0.00;0.00;0.00;0.00;0.00;0.9;0.9;0.7;1.6;0.07;0.06;0.14;0.07;0.14;Matches;5c0da4a4
407;Kenny Tete;nl NED;DF;Fulham;27-017;1995;7;7;603;6.7;0;3;0;0;0;4;0;0.00;0.45;0.45;0.00;0.45;0.1;0.1;0.2;0.3;0.01;0.03;0.04;0.01;0.04;Matches;77d7c96f
408;Luke Thomas;eng ENG;DF;Leicester City;21-138;2001;3;2;183;2.0;0;0;0;0;0;1;0;0.00;0.00;0.00;0.00;0.00;0.0;0.0;0.0;0.0;0.00;0.00;0.00;0.00;0.00;Matches;fc027d02
409;Youri Tielemans;be BEL;MF;Leicester City;25-172;1997;12;11;932;10.4;2;1;1;1;1;1;0;0.19;0.10;0.29;0.10;0.19;1.1;0.3;2.0;2.3;0.10;0.20;0.30;0.03;0.22;Matches;56f7a928
410;Kieran Tierney;sct SCO;DF;Arsenal;25-143;1997;10;3;326;3.6;0;0;0;0;0;0;0;0.00;0.00;0.00;0.00;0.00;0.3;0.3;0.1;0.4;0.07;0.03;0.10;0.07;0.10;Matches;fce2302c
411;Harry Toffolo;eng ENG;DF;Nott'ham Forest;27-068;1995;8;6;577;6.4;0;0;0;0;0;0;0;0.00;0.00;0.00;0.00;0.00;0.2;0.2;0.4;0.6;0.02;0.07;0.09;0.02;0.09;Matches;a105d46a
412;Takehiro Tomiyasu;jp JPN;DF;Arsenal;23-355;1998;10;3;348;3.9;0;0;0;0;0;1;0;0.00;0.00;0.00;0.00;0.00;0.0;0.0;0.0;0.0;0.00;0.01;0.01;0.00;0.01;Matches;b3af9be1
413;James Tomkins;eng ENG;DF;Crystal Palace;33-211;1989;1;0;48;0.5;0;0;0;0;0;0;0;0.00;0.00;0.00;0.00;0.00;0.0;0.0;0.0;0.0;0.00;0.00;0.00;0.00;0.00;Matches;e7ca0439
414;Ivan Toney;eng ENG;FW;Brentford;26-224;1996;12;12;1080;12.0;8;2;5;3;3;4;0;0.67;0.17;0.83;0.42;0.58;6.4;4.1;2.3;6.4;0.54;0.19;0.73;0.34;0.53;Matches;e09f279b
415;Adama Traoré;es ESP;MF;Wolves;26-274;1996;9;4;427;4.7;1;0;1;0;0;0;0;0.21;0.00;0.21;0.21;0.21;0.5;0.5;0.7;1.2;0.11;0.15;0.26;0.11;0.26;Matches;9a28eba4
416;Boubacar Traoré;ml MLI;MFDF;Wolves;21-067;2001;5;1;115;1.3;0;0;0;0;0;1;0;0.00;0.00;0.00;0.00;0.00;0.0;0.0;0.0;0.0;0.00;0.00;0.00;0.00;0.00;Matches;999ceb5f
417;Mark Travers;ie IRL;GK;Bournemouth;23-161;1999;5;4;405;4.5;0;0;0;0;0;0;0;0.00;0.00;0.00;0.00;0.00;0.0;0.0;0.0;0.0;0.00;0.00;0.00;0.00;0.00;Matches;fe558029
418;Kieran Trippier;eng ENG;DF;Newcastle Utd;32-037;1990;12;12;1065;11.8;1;1;1;0;0;2;0;0.08;0.08;0.17;0.08;0.17;0.4;0.4;2.2;2.6;0.03;0.19;0.22;0.03;0.22;Matches;21512407
419;Leandro Trossard;be BEL;MFDF;Brighton;27-326;1994;11;11;917;10.2;6;1;6;0;0;1;0;0.59;0.10;0.69;0.59;0.69;2.8;2.8;1.4;4.2;0.27;0.14;0.41;0.27;0.41;Matches;38ceb24a
420;Kostas Tsimikas;gr GRE;DF;Liverpool;26-167;1996;9;4;362;4.0;0;3;0;0;0;1;0;0.00;0.75;0.75;0.00;0.75;0.2;0.2;0.6;0.8;0.06;0.14;0.19;0.06;0.19;Matches;f315ca93
421;Deniz Undav;de GER;FWMF;Brighton;26-099;1996;6;0;60;0.7;0;0;0;0;0;0;0;0.00;0.00;0.00;0.00;0.00;0.3;0.3;0.2;0.5;0.48;0.24;0.71;0.48;0.71;Matches;dd549382
422;Yan Valery;tn TUN;DF;Southampton;23-246;1999;1;1;45;0.5;0;0;0;0;0;0;0;0.00;0.00;0.00;0.00;0.00;0.0;0.0;0.0;0.0;0.00;0.00;0.00;0.00;0.00;Matches;531a4aa8
423;Virgil van Dijk;nl NED;DF;Liverpool;31-110;1991;11;11;990;11.0;1;0;1;0;0;1;0;0.09;0.00;0.09;0.09;0.09;0.8;0.8;0.0;0.8;0.07;0.00;0.07;0.07;0.07;Matches;e06683ca
424;Raphaël Varane;fr FRA;DF;Manchester Utd;29-184;1993;10;8;684;7.6;0;0;0;0;0;1;0;0.00;0.00;0.00;0.00;0.00;0.0;0.0;0.1;0.1;0.00;0.02;0.02;0.00;0.02;Matches;9f8e9423
425;Jamie Vardy;eng ENG;FW;Leicester City;35-288;1987;12;7;638;7.1;1;4;1;0;0;1;0;0.14;0.56;0.71;0.14;0.71;2.2;2.2;0.4;2.6;0.31;0.06;0.37;0.31;0.37;Matches;45963054
426;Joël Veltman;nl NED;DF;Brighton;30-284;1992;11;11;914;10.2;0;0;0;0;0;1;0;0.00;0.00;0.00;0.00;0.00;0.4;0.4;0.2;0.6;0.04;0.02;0.06;0.04;0.06;Matches;dad4b285
427;Fabio Vieira;pt POR;MF;Arsenal;22-149;2000;6;1;144;1.6;1;0;1;0;0;0;0;0.62;0.00;0.62;0.62;0.62;0.2;0.2;0.2;0.4;0.14;0.13;0.27;0.14;0.27;Matches;6412cc03
428;Rúben Vinagre;pt POR;DFMF;Everton;23-200;1999;2;0;26;0.3;0;0;0;0;0;0;0;0.00;0.00;0.00;0.00;0.00;0.0;0.0;0.0;0.0;0.00;0.00;0.00;0.00;0.00;Matches;b937e490
429;Carlos Vinícius;br BRA;FW;Fulham;27-215;1995;7;1;162;1.8;0;0;0;0;0;1;0;0.00;0.00;0.00;0.00;0.00;0.1;0.1;0.3;0.4;0.08;0.15;0.23;0.08;0.23;Matches;8b529245
430;Theo Walcott;eng ENG;MFFW;Southampton;33-224;1989;1;0;18;0.2;0;0;0;0;0;1;0;0.00;0.00;0.00;0.00;0.00;0.0;0.0;0.0;0.0;0.00;0.00;0.00;0.00;0.00;Matches;1ecb65be
431;Kyle Walker;eng ENG;DF;Manchester City;32-151;1990;7;7;560;6.2;0;0;0;0;0;0;0;0.00;0.00;0.00;0.00;0.00;0.3;0.3;0.1;0.4;0.05;0.02;0.07;0.05;0.07;Matches;86dd77d1
432;Kyle Walker-Peters;eng ENG;DF;Southampton;25-196;1997;11;11;952;10.6;1;0;1;0;0;2;0;0.09;0.00;0.09;0.09;0.09;0.7;0.7;0.8;1.5;0.07;0.08;0.14;0.07;0.14;Matches;984a5a64
433;Aaron Wan-Bissaka;eng ENG;DF;Manchester Utd;24-334;1997;1;0;5;0.1;0;0;0;0;0;0;0;0.00;0.00;0.00;0.00;0.00;0.0;0.0;0.0;0.0;0.00;0.00;0.00;0.00;0.00;Matches;9e525177
434;Danny Ward;wls WAL;GK;Leicester City;29-126;1993;12;12;1080;12.0;0;0;0;0;0;0;0;0.00;0.00;0.00;0.00;0.00;0.0;0.0;0.0;0.0;0.00;0.00;0.00;0.00;0.00;Matches;d3ce0e89
435;Joel Ward;eng ENG;DF;Crystal Palace;32-362;1989;10;10;900;10.0;0;0;0;0;0;3;0;0.00;0.00;0.00;0.00;0.00;0.0;0.0;0.1;0.1;0.00;0.01;0.01;0.00;0.01;Matches;8a7ff278
436;James Ward-Prowse;eng ENG;MF;Southampton;27-359;1994;12;12;1080;12.0;1;1;1;0;0;2;0;0.08;0.08;0.17;0.08;0.17;0.6;0.6;1.8;2.5;0.05;0.15;0.20;0.05;0.20;Matches;3515d404
437;Ollie Watkins;eng ENG;FWMF;Aston Villa;26-300;1995;12;11;1005;11.2;2;2;2;0;0;0;0;0.18;0.18;0.36;0.18;0.36;4.3;4.3;1.6;5.9;0.38;0.15;0.53;0.38;0.53;Matches;aed3a70f
438;Adam Webster;eng ENG;DF;Brighton;27-295;1995;11;11;990;11.0;0;0;0;0;0;1;0;0.00;0.00;0.00;0.00;0.00;0.8;0.8;0.0;0.9;0.08;0.00;0.08;0.08;0.08;Matches;c40b6180
439;Danny Welbeck;eng ENG;FW;Brighton;31-334;1990;11;10;912;10.1;0;2;0;0;0;0;0;0.00;0.20;0.20;0.00;0.20;2.9;2.9;1.8;4.7;0.29;0.18;0.47;0.29;0.47;Matches;ce5143da
440;Ben White;eng ENG;DF;Arsenal;25-018;1997;11;11;880;9.8;0;2;0;0;0;2;0;0.00;0.20;0.20;0.00;0.20;0.0;0.0;0.9;0.9;0.00;0.09;0.10;0.00;0.10;Matches;35e413f1
441;Neco Williams;wls WAL;DF;Nott'ham Forest;21-196;2001;12;11;956;10.6;0;0;0;0;0;3;0;0.00;0.00;0.00;0.00;0.00;0.9;0.9;1.0;1.9;0.08;0.09;0.18;0.08;0.18;Matches;dd323728
442;Willian;br BRA;MFFW;Fulham;34-078;1988;5;3;305;3.4;1;1;1;0;0;0;0;0.30;0.30;0.59;0.30;0.59;0.8;0.8;0.9;1.7;0.25;0.25;0.50;0.25;0.50;Matches;8b9ebd03
443;Joe Willock;eng ENG;MF;Newcastle Utd;23-067;1999;12;10;888;9.9;0;2;0;0;0;0;0;0.00;0.20;0.20;0.00;0.20;2.5;2.5;2.9;5.4;0.26;0.29;0.55;0.26;0.55;Matches;a3b03921
444;Callum Wilson;eng ENG;FW;Newcastle Utd;30-241;1992;8;8;642;7.1;4;1;4;0;0;1;0;0.56;0.14;0.70;0.56;0.70;4.2;4.2;0.6;4.8;0.59;0.08;0.67;0.59;0.67;Matches;c596fcb0
445;Harry Wilson;wls WAL;MFFW;Fulham;25-218;1997;4;1;111;1.2;0;0;0;0;0;0;0;0.00;0.00;0.00;0.00;0.00;0.1;0.1;0.0;0.1;0.09;0.00;0.09;0.09;0.09;Matches;c6dc9ecd
446;Yoane Wissa;cd COD;FWMF;Brentford;26-053;1996;12;4;461;5.1;2;1;2;0;0;1;0;0.39;0.20;0.59;0.39;0.59;2.0;2.0;1.0;3.0;0.39;0.19;0.58;0.39;0.58;Matches;2500cef9
447;Chris Wood;nz NZL;FW;Newcastle Utd;30-323;1991;11;1;147;1.6;0;0;0;0;0;0;0;0.00;0.00;0.00;0.00;0.00;0.2;0.2;0.1;0.3;0.13;0.05;0.18;0.13;0.18;Matches;4e9a0555
448;Joe Worrall;eng ENG;DF;Nott'ham Forest;25-289;1997;9;6;600;6.7;0;0;0;0;0;4;0;0.00;0.00;0.00;0.00;0.00;0.1;0.1;0.5;0.6;0.02;0.07;0.09;0.02;0.09;Matches;a5212312
449;Granit Xhaka;ch SUI;MF;Arsenal;30-029;1992;11;11;987;11.0;3;3;3;0;0;2;0;0.27;0.27;0.55;0.27;0.55;1.3;1.3;1.5;2.9;0.12;0.14;0.26;0.12;0.26;Matches;e61b8aee
450;Ryan Yates;eng ENG;MF;Nott'ham Forest;24-339;1997;10;8;763;8.5;0;1;0;0;0;1;0;0.00;0.12;0.12;0.00;0.12;1.5;1.5;0.6;2.0;0.17;0.07;0.24;0.17;0.24;Matches;c1fe2a48
451;Ashley Young;eng ENG;DF;Aston Villa;37-109;1985;8;6;605;6.7;1;0;1;0;0;2;0;0.15;0.00;0.15;0.15;0.15;0.1;0.1;0.7;0.8;0.02;0.10;0.13;0.02;0.13;Matches;be927d03
452;Wilfried Zaha;ci CIV;FWMF;Crystal Palace;29-350;1992;10;10;877;9.7;5;1;5;0;1;2;0;0.51;0.10;0.62;0.51;0.62;3.3;2.4;1.4;3.8;0.34;0.14;0.48;0.25;0.39;Matches;b2bc3b1f
453;Jordan Zemura;zw ZIM;DF;Bournemouth;22-346;1999;9;7;608;6.8;0;1;0;0;0;1;0;0.00;0.15;0.15;0.00;0.15;0.0;0.0;0.6;0.6;0.00;0.10;0.10;0.00;0.10;Matches;e8271ad9
454;Oleksandr Zinchenko;ua UKR;DF;Arsenal;25-315;1996;5;5;393;4.4;0;1;0;0;0;0;0;0.00;0.23;0.23;0.00;0.23;0.1;0.1;0.3;0.4;0.03;0.06;0.09;0.03;0.09;Matches;51cf8561
455;Hakim Ziyech;ma MAR;MF;Chelsea;29-221;1993;3;1;122;1.4;0;0;0;0;0;0;0;0.00;0.00;0.00;0.00;0.00;0.2;0.2;0.1;0.2;0.11;0.06;0.17;0.11;0.17;Matches;6622454d
456;Kurt Zouma;fr FRA;DF;West Ham;27-364;1994;11;11;990;11.0;1;0;1;0;0;0;0;0.09;0.00;0.09;0.09;0.09;0.9;0.9;0.0;0.9;0.09;0.00;0.09;0.09;0.09;Matches;ce4246f5